TIMESTAMP,P1_D150,P1_D130,P1_D110,P1_D90,P1_D70,P1_D50,P1_D30,P2_D150,P2_D130,P2_D110,P2_D90,P2_D70,P2_D50,P2_D30,P3_D150,P3_D130,P3_D110,P3_D90,P3_D70,P3_D50,P3_D30,P4_D150,P4_D130,P4_D110,P4_D90,P4_D70,P4_D50,P4_D30,P5_D150,P5_D130,P5_D110,P5_D90,P5_D70,P5_D50,P5_D30,P6_D150,P6_D130,P6_D110,P6_D90,P6_D70,P6_D50,P6_D30,P7_D150,P7_D130,P7_D110,P7_D90,P7_D70,P7_D50,P7_D30,P8_D150,P8_D130,P8_D110,P8_D90,P8_D70,P8_D50,P8_D30,P9_D150,P9_D130,P9_D110,P9_D90,P9_D70,P9_D50,P9_D30,P10_D150,P10_D130,P10_D110,P10_D90,P10_D70,P10_D50,P10_D30,P11_D150,P11_D130,P11_D110,P11_D90,P11_D70,P11_D50,P11_D30,P12_D150,P12_D130,P12_D110,P12_D90,P12_D70,P12_D50,P12_D30,P13_D150,P13_D130,P13_D110,P13_D90,P13_D70,P13_D50,P13_D30,P14_D150,P14_D130,P14_D110,P14_D90,P14_D70,P14_D50,P14_D30,P15_D150,P15_D130,P15_D110,P15_D90,P15_D70,P15_D50,P15_D30,P16_D150,P16_D130,P16_D110,P16_D90,P16_D70,P16_D50,P16_D30,P17_D150,P17_D130,P17_D110,P17_D90,P17_D70,P17_D50,P17_D30,P18_D150,P18_D130,P18_D110,P18_D90,P18_D70,P18_D50,P18_D30,P19_D150,P19_D130,P19_D110,P19_D90,P19_D70,P19_D50,P19_D30,P20_D150,P20_D130,P20_D110,P20_D90,P20_D70,P20_D50,P20_D30,P21_D150,P21_D130,P21_D110,P21_D90,P21_D70,P21_D50,P21_D30,P22_D150,P22_D130,P22_D110,P22_D90,P22_D70,P22_D50,P22_D30,P23_D150,P23_D130,P23_D110,P23_D90,P23_D70,P23_D50,P23_D30,P24_D150,P24_D130,P24_D110,P24_D90,P24_D70,P24_D50,P24_D30,P25_D150,P25_D130,P25_D110,P25_D90,P25_D70,P25_D50,P25_D30,P26_D150,P26_D130,P26_D110,P26_D90,P26_D70,P26_D50,P26_D30,P27_D150,P27_D130,P27_D110,P27_D90,P27_D70,P27_D50,P27_D30,P28_D150,P28_D130,P28_D110,P28_D90,P28_D70,P28_D50,P28_D30,P29_D150,P29_D130,P29_D110,P29_D90,P29_D70,P29_D50,P29_D30,P30_D150,P30_D130,P30_D110,P30_D90,P30_D70,P30_D50,P30_D30,P31_D150,P31_D130,P31_D110,P31_D90,P31_D70,P31_D50,P31_D30,P32_D150,P32_D130,P32_D110,P32_D90,P32_D70,P32_D50,P32_D30
9/06/2011 9:00,9.1,12.6,11.6,9.5,10.1,13.9,35.1,7.6,7.5,8.4,9.5,10.3,14.5,30.6,10.3,10.3,9.4,8.4,8.2,12.5,30.4,12.2,10.5,9.1,8.5,10,15,27.3,11.6,10.5,10,9.6,9.1,14.8,35.5,13,13.7,23.6,18.7,10.2,15.3,36.3,10.7,12.5,11.2,8.7,9.2,14.6,38,16.1,14.7,23,10.2,12.3,27,39.4,14.1,11.1,12.6,20.9,14.3,33,39.6,11.5,12.9,10.3,9,8.9,12.8,26.7,18.1,12.5,12.1,11.2,11.1,13.5,25.1,13.9,13.2,9.1,8.9,7.9,9.9,28.1,11,11.3,11.6,9.3,8.9,11.4,24.4,13.7,9.9,9.5,8.2,8.6,13.9,28.3,-6.8,12.1,12,9.9,8.1,10.1,21,9.7,9.7,9.9,8.5,8.3,12,27.8,12.7,11.8,8.4,10.3,11.6,12.8,27.1,9.3,7.2,10.7,10.5,11.7,16,35.5,10.6,7.9,9.1,10.5,11,15.4,37.9,14,15.8,9.8,10.1,12.3,28.9,40,18,15.8,14.2,10.3,14.9,37.2,39.9,14.4,13.2,13.1,9.3,11.6,20.4,40.1,14.7,13.7,12.9,9.9,11.6,16.7,37.6,15.4,13,17,23.8,9.3,13.9,37.1,13.3,13,11.5,10.7,9.4,12.5,32.4,14,10.4,10.4,8.7,7.6,13.4,31.2,11.5,12.7,10.9,8.7,9.1,13.2,30.4,11.4,11.6,8.9,9.2,9.9,13.5,31,12.3,13.5,9.4,8.8,8.1,11.2,22.8,10.6,10.8,10.1,8.8,7.9,12.4,26.2,11,9.8,11.2,9.4,9.3,14.9,35.9,14.8,11.6,9.2,9.7,18.1,36.7,39.5
6/10/2011 9:00,9,12.1,11.1,8.2,9.4,14,36.4,7.4,7.1,8,9.3,9.8,14.6,32.8,10,9.7,8.6,8.4,8.9,14.5,33.5,10.8,9.6,7.7,8.4,10.3,15.7,29.6,10.7,10.1,9.2,8.9,8.6,14.4,37.1,12.3,13.1,21.6,16.5,11.3,16.9,37.9,10.3,11.7,10.4,7.4,8.3,16.3,38.7,15.5,14,19.9,9.5,12.3,28.8,39.3,13.4,10.3,11.8,19.1,13.6,32.8,40,11,11.9,9.6,8.5,8.4,13.3,30,16.5,10.5,10.6,10.2,10.3,14.5,26.9,13,10.8,8,8,7.2,10.2,31.8,10.6,10.4,10.9,8.3,8.4,12.6,28.6,12.4,9,8.6,7.7,9.3,16.2,30.7,-6.8,10.3,10.7,8.5,7.2,10.1,23.9,9.7,8.7,9.3,7.9,7.7,12.1,31.1,10.3,11.3,7.7,9.9,12,13.9,29.9,9.9,7.8,11,11.2,12.5,17.5,37,9.6,7.8,9.6,11,11.5,17.2,38.5,13.1,14.8,10.5,10.8,13.6,31.4,40.5,16.3,13.9,12.3,8.3,14.2,37.4,40.4,13.4,12.4,12.2,9.9,13.4,22.2,40.3,13.7,13.1,11.2,8.9,11.6,17,39.4,14.8,12.8,16.9,19.8,9,14.9,38,12.6,12.4,10.5,9.2,9,12.8,34.5,12.6,9.8,9.1,8.3,8.2,13.4,34.2,11.4,11.4,9.2,7.9,8.9,13.8,33.6,10.7,10.5,8,9,10.8,15,34,11,12.4,8.4,8.3,7.6,11.2,25.2,9.7,9.9,9.2,8.4,9.1,14.1,29.2,10.4,9.3,10.6,8.6,8.2,15,36.9,13,10.1,7.8,8,18.8,36.2,39.9
20/10/2011 9:00,9,13.2,12.6,10,11.2,15.3,36.7,9.6,9.7,10.1,11.7,11.2,15.7,33.2,12.2,12.9,10.6,8.9,9.1,14.6,33.9,14.7,12.2,9.5,10.1,11.3,16.2,30.8,13.5,12.3,11.4,10.6,10.4,15.9,38.5,14.1,15.2,27.7,24.5,11.7,17,38.9,11.7,13.3,11.7,9.5,10.2,16.3,39.2,17.6,15.8,25.1,12.2,13.5,29.9,40.1,15.6,12.8,14.1,23.9,15.2,33.9,40.4,13,16.9,11.9,11.3,10.1,15,31,-6.8,15.7,13.3,13.2,11.6,14.8,27.5,15.3,16.3,10.7,10,8.6,11.7,32.5,12.9,13.3,13.5,10.7,10.3,13.3,28.8,16.8,11.6,10.8,9,9.2,15.4,31.3,23.3,13.9,13.2,10.7,9,11,24.7,9.7,10.7,11.2,9.4,8.9,13.3,31.5,13.5,14.3,10,11.8,13.1,14.3,31.2,10.8,7.8,12,11.2,12.9,17.1,37.7,12.3,9.2,9.9,11.5,12,16.7,39.4,16.4,17.1,11.4,11.1,13.6,31.3,40.8,20.3,17.6,15.5,11.6,16.3,37.3,41.7,15.8,14.7,14.2,10,13.7,22.5,40.8,17,15.3,14.3,11.8,12.8,17.9,39.8,16.9,14.8,19.6,26.1,10.9,16.4,39.6,14.9,14.3,13.5,12.4,10.4,13.9,34.9,16.2,12.1,11.5,9.4,7.9,13.8,35.4,13.9,14.7,12,9.9,9.6,13.9,33.8,12.4,12.3,9.6,10.1,10.4,15.1,34.7,13.3,13.9,9.6,9.6,8.9,12.5,26.5,12.5,13.5,11.6,9.9,9.2,14.2,29.7,12.7,11.7,13.1,10.7,10.5,16.5,38.6,16.9,12.5,10.6,10.6,19.9,37,40.2
26/10/2011 9:00,8.8,12.4,11.7,9.2,10.3,13.8,31.5,7.7,7,7.6,7.2,7.1,9,17.4,10.1,9.5,8.9,7.1,6.3,7.7,19.2,12.5,10.2,8.5,8.4,9.8,13.2,24.6,11.9,10.7,10,9.4,9,11.9,29.5,13.1,14,24.3,17.3,9.3,13.8,33.1,10.7,12.9,11.5,9.1,9.9,15.5,37.9,16,14.9,22.8,11.1,13.1,28.1,36.9,14.4,11.3,13.2,21.8,15.2,34.4,40.2,12,11.9,9.4,6.9,6,8,15.1,18.2,12.5,11.6,11.2,9.7,11.6,22,14.3,13.6,8.8,8.7,7.9,8.6,25.2,11.1,10.9,10.7,7.8,6.4,7,15,14.3,9.8,9.1,7.7,7.7,11.8,24,18.9,13.2,13.2,11,9.1,11,23.5,9,9.4,9.9,8.4,7.8,10,23.7,12.7,11.7,8.3,10.3,11.2,10.8,23.1,9.2,7.1,10.2,10.5,11,14.4,31.6,10.4,7.8,9.3,11,11.7,16,37.6,13.3,15,9.2,8.6,10.1,25,26,18.1,16,14.8,10.6,16.2,38.6,39.5,14.2,13.4,12.7,9,11.2,19.9,35.2,14.7,13.8,12.8,10.2,11,15.2,33.2,15,13.1,16.8,18.4,6.9,9.1,18.5,13.2,13.3,11.7,11.5,10.3,11.8,32.4,14,10.4,9.8,8.5,7.6,12.8,31.7,12.2,12.4,10.2,8.6,8.6,11.1,28,11.3,11.1,8.8,8.6,9,11.6,29.6,12,13.1,9.2,8.5,7.5,8.8,16.9,10.3,10.7,9.9,7.9,6.5,8.1,15,10.5,9.2,10.2,7.2,6,9.4,19.9,14.8,11.7,8.8,9.2,19,36.7,36.1
3/11/2011 9:00,9.1,12.5,11.9,9.3,10.3,14,32.4,8.5,7.8,8.8,9.9,10.3,13.9,28.3,10.3,10.2,9.4,8.6,8.2,10.2,27.8,12.4,9.9,8.7,8.5,9.8,13.5,24.5,11.9,11.1,10.2,9.4,8.7,12,30.2,13.3,14.1,24.9,17.3,8.8,13,33.4,10.7,12.8,11.1,8.3,8.8,14.6,35.9,16.4,14.9,22.8,10.3,12.4,28.2,34.4,14.5,11.3,13.5,21.1,13.9,32.6,36.1,12.7,13.8,10.8,9.4,8.7,12,24.8,19.2,13,11.9,11.2,10.3,12.2,22.4,14,13,8.9,9,7.7,9.2,27,11.8,11.7,12,9.2,8.8,9.6,23,14.3,9.6,9.3,8,8,11.5,23.3,11.6,11.5,11.6,9.3,7.5,8.7,20.9,9.2,9.6,10.2,8.2,7.5,10.5,25,11.4,11.6,8.5,10.4,11.1,11.6,24.9,9.2,7,10.4,10.4,10.9,15.2,31.9,10.3,7.8,8.6,10.2,10.8,15.7,35.3,14.3,16.2,10.2,9.9,12.4,30.7,37.1,18.2,15.7,13.8,9.3,15.3,37.3,36.4,14.2,13.5,13,9.2,11,20.5,35.1,14.8,14.2,12.9,9.8,11.2,15.8,32.9,15.9,13.7,18.3,23,9.3,13.9,33.2,13.6,13.4,11.9,10.4,9,10.8,29.9,14.3,10.5,10,8.3,6.9,9.7,28.5,12.1,12.5,10.4,8.8,8.5,10.4,27.6,11.1,11.5,8.7,8.4,8.9,11.2,29.4,11.8,13,9,8.6,7.7,9.3,18.5,10.7,10.9,10.1,8.6,7.7,10.4,23.5,11.4,10.4,11.5,9.4,8.9,14.7,33.1,15.2,11.4,9,9.3,19.3,37,37.1
12/11/2011 9:00,8.8,12.3,12,9.4,10.3,13.6,32.9,7.6,6.7,7,6,6.1,8,14.3,9.6,9.1,8,6.2,5.6,6.5,14.5,12.3,10.2,8.2,7.9,8.8,10.9,20.8,11.7,10.7,10,9.6,8.6,10.3,24.3,13,13.7,23.6,17,8.6,12.9,31.5,10.7,12.5,11.4,8.6,9.5,15,37.7,15.9,14.6,22.1,11.2,13,27.5,36.4,14.2,11,13.3,21.4,14.9,33.4,40.6,11.5,11.5,9,6.2,5.5,7.2,12.4,17.3,11.8,11.2,10.6,9,9.6,17.1,13.8,12.5,8.7,8.4,7.5,7.9,21.9,10.9,10.6,10.3,6.9,5.6,6.5,11.8,13.6,9.9,9.4,8,7.9,12.1,24.3,16.9,12.3,12.4,10.1,8.7,10.1,22.4,9.4,9.7,10,8.8,7.7,10.5,24.6,12.7,11.8,8.7,10.6,11.4,11.3,24.2,9.4,6.8,10.3,10.1,10.3,12.2,25.1,10.5,7.9,8.6,10.9,11.1,15.6,36.3,13.2,14.7,9.1,8.2,8.4,19,18.2,17.8,16,14.6,10.8,15.6,38.6,39.3,14.3,13.1,12.7,8.7,11.3,18.9,33.6,14.2,13.7,12.3,9.6,10.7,14.2,29.6,15.2,12.4,15.9,16.2,6.5,7.9,14.1,12.9,13.4,12,11.4,9.7,11.6,32.3,13.6,10.6,10.1,9,7.5,11.9,31.1,11.8,12.1,9.8,8,7.7,9.2,24.3,11.2,11.2,8.8,8.4,9.1,11.3,28.4,11.9,13.7,9.4,8.7,8,9.7,20.1,10.3,10.2,9.6,7.6,5.3,6.2,10.1,10.1,8.9,9.2,6.4,5.6,7.7,14.6,14.4,10.8,8.7,8.8,18,35.2,33.2
17/11/2011 9:00,9,11.9,11.7,9.1,10.1,14.1,35.3,7.9,7.4,7.9,9.4,9.6,12.4,27,10,9.9,9.1,8,7.5,8.8,25.5,11.5,9.6,7.9,8.7,10.1,14.4,28,11.2,10.3,9.8,9.1,9.6,13.9,36.1,12.6,13.6,23.3,15.9,9.7,15.2,36.2,10.6,12.1,10.7,7.6,8.4,14.4,37.4,16,14.6,21.3,9.8,11.8,28.1,37,14,10.7,12.7,20,13.7,33.8,39.1,17.9,12.4,11.7,10.8,9.8,12.5,24.4,13.9,12.8,9.3,9.1,8,10.2,30.4,10.7,11.2,11.2,8.8,8.2,8.9,21.5,13.8,9.1,8.7,7.8,8.4,13.4,28.2,15,11.1,11.5,9,7.5,9.1,22.2,9,9.6,9.5,8.2,7.5,10.8,27.7,12.6,10.9,7.9,10.2,11.3,12,28.1,9.4,11,10.8,10.6,12,16.3,35,10.1,7.7,8.8,10.2,11,16.1,37.7,13.6,15.3,9.4,9.3,11.5,29.2,35.5,17.3,14.8,13.1,9.3,15.3,37.6,39.7,16.9,14.9,12.8,9.1,15.7,38.2,39.1,13.5,13,12.4,8.9,12.1,21.6,38.6,14.3,13.7,11.9,9.3,11.4,16.7,37.9,15.3,12.9,18.1,21.3,8.7,13,31.2,12.9,13,11.4,10.3,9.3,11.8,33.8,13.8,10.4,9.4,8.3,7.1,11.9,32.6,11.2,11.7,9.8,8.2,9,12.9,32.2,10.8,11.1,8.3,8.8,9.4,12.7,32.2,11.4,12.7,8.5,8.8,8.2,10.9,23.5,9.9,10.3,9.5,8.1,7.5,10.4,22.2,10.6,9.7,10.6,8.9,7.9,13.1,31.4,14,10.9,8.4,9,20,37.7,39.7
30/11/2011 9:00,8.4,11.7,11.3,8.9,9.7,13,31.2,7.5,7.4,8,8.7,8.6,10,19.9,9.9,9.7,9,7.6,7.1,7.9,21.1,11,9.6,7.9,7.8,9.5,11.8,23,10.6,9.8,9.7,8.9,8.7,10.7,26.4,12.4,13.5,22.1,14.9,8.1,12.6,31.9,,,,,,,,15.5,13.9,20.4,9.7,12,28.2,35.7,13.5,10.4,12.6,19.6,14,33.6,38.7,11.7,12,9.4,7.9,6.3,8.5,17.9,16.8,11.3,11.1,10.4,9.3,10.7,19.1,12.9,11.7,8.5,8.5,7.3,8.2,23.5,10.4,10.5,10.7,8,6.7,7.4,16,13.2,8.8,8.5,7.6,7.8,11.9,23.6,14.1,10.9,11.3,11.7,11.4,8.9,21.8,8.5,10.4,9.1,7.8,7.1,9.2,23.3,12.3,10.6,7.9,10.3,10.7,10.4,23,8.7,6.7,10,9.9,10.5,13.2,30,10.3,8.2,9.6,10.3,11.2,16.2,36.7,13.3,14.9,9.4,9.1,10.9,27.9,31.2,16.7,14.5,12.7,9.7,15.5,38.2,38.1,13.8,12.4,12.1,8.9,11,19.8,33.8,14.1,13.5,11.5,9,10.2,14.4,30.5,15.2,12.9,17.5,20,8.1,10.6,23.2,12.8,12.8,11.2,10.2,9.8,11.5,31.5,12.9,10.1,9.8,8.5,7.1,11.3,31,11.3,11.6,9.5,8,8.1,9.3,25.3,10.4,10.9,8.2,8.5,8.7,10.7,28.1,10.9,12.5,8.5,8.4,7.7,9.3,18.6,9.7,10.2,9.4,8,7.1,8.8,15.5,10.2,9.5,10.3,8.3,6.9,10.7,24.3,13.6,10.4,8.4,8.2,18.5,35.8,34.5
14/12/2011 9:00,8.7,12.5,12.1,9.5,10.2,13.4,33.4,7.8,7.3,7.8,7.8,7.5,9.8,19.9,9.8,9.7,8.9,7.3,6.2,7.3,18.9,11.9,10.2,8.3,8.7,9.8,12.8,25.1,11.4,10.6,9.8,9.2,8.9,11.9,31.1,12.7,14,23.2,15.9,8.2,12.8,33,10.7,12.7,11.5,7.8,8.7,14.2,36.4,16.5,15.1,22.6,10.6,12.7,28.2,35.9,14.6,11.4,13.4,21.8,14,33.1,38.2,11.8,12.3,9.6,7.4,6.3,8.4,18,17.3,11.5,11.4,10.6,9.9,10.9,21.6,13.5,12,8.7,9,7.7,9.5,28.2,10.5,10.7,10.9,7.7,6.1,6.9,14.7,13.1,9.2,8.8,7.8,7.5,11.1,23,-6.8,11.9,11.8,9.3,7.5,8.7,20.6,9.7,9.7,10.2,8.8,7.7,11.1,26.2,12.4,11.5,8.4,10.7,11.6,11.3,25.4,9.4,7.3,10.2,10.3,11,14.3,31.6,10.9,8,8.5,10.1,11,15.3,35.3,13.7,15.2,9.3,8.6,10.1,25.4,27.1,18.1,16.3,14.4,10.2,15.9,37.9,39,13.8,12.8,12.5,8.9,10.6,19.3,34,14.3,13.5,11.8,9.7,11.5,15.8,34.7,14.8,12.8,17.2,18.9,7.4,9.9,23,13.8,13.4,12,10.8,9.1,11.4,32.1,14.7,10.8,10.2,8.7,6.6,10.2,29.5,11.7,11.8,9.8,8.1,8.3,10.7,28.5,11.1,11.3,8.4,8.4,8.8,11.4,28.9,12.1,13.3,8.8,8.6,7.7,9.7,20.9,9.9,10.6,9.6,8.2,7,8.5,15.2,10.4,9.3,10.2,7.8,6.4,10.1,23.6,14,11.1,8.6,9.1,20,37.4,38
28/12/2011 9:00,8.6,12.1,11.4,8.9,10,13.5,30.9,7.5,6.7,7.4,7,6.9,8.8,17,9.8,9.2,8.6,6.9,6.1,7.4,18.8,12.2,9.9,8.3,8.2,9.5,12.9,24.1,11.6,10.5,9.7,9.2,8.8,11.6,29,12.8,13.7,23.8,16.9,9,13.5,32.5,10.4,12.5,11.2,8.8,9.6,15.1,37.2,15.6,14.5,22.3,10.8,12.7,27.6,36.2,14,11,12.9,21.3,14.9,33.7,39.5,11.7,11.6,9.2,6.7,5.8,7.8,14.8,17.8,12.2,11.3,10.9,9.5,11.3,21.6,13.9,13.3,8.6,8.4,7.6,8.3,24.7,10.8,10.6,10.4,7.6,6.2,6.8,14.7,14,9.5,8.8,7.5,7.5,11.5,23.5,18.5,12.8,12.9,10.7,8.8,10.7,23,8.8,9.1,9.6,8.1,7.5,9.7,23.2,12.4,11.4,8.1,10,11,10.5,22.7,8.9,6.9,10,10.3,10.7,14,31,10.1,7.6,9,10.8,11.4,15.7,36.9,13,14.7,9,8.4,9.8,24.5,25.4,17.7,15.6,14.4,10.4,15.9,37.8,38.7,13.9,13,12.4,8.7,10.9,19.5,34.6,14.3,13.5,12.5,9.9,10.7,14.8,32.6,14.7,12.8,16.4,18,6.7,8.8,18.1,12.9,13,11.4,11.2,10,11.6,31.7,13.7,10.2,9.5,8.2,7.4,12.4,31,11.9,12.1,9.9,8.4,8.4,10.8,27.5,11,10.9,8.5,8.3,8.8,11.3,29,11.7,12.8,9,8.3,7.2,8.5,16.5,10,10.4,9.6,7.6,6.3,7.8,14.7,10.3,8.9,9.9,6.9,5.8,9.1,19.4,14.4,11.4,8.6,9,18.6,36.1,35.4
11/01/2012 9:00,8.8,12.4,11.7,9.2,10.3,13.8,31.5,7.7,7,7.6,7.2,7.1,9,17.4,10.1,9.5,8.9,7.1,6.3,7.7,19.2,12.5,10.2,8.5,8.4,9.8,13.2,24.6,11.9,10.7,10,9.4,9,11.9,29.5,13.1,14,24.3,17.3,9.3,13.8,33.1,10.7,12.9,11.5,9.1,9.9,15.5,37.9,16,14.9,22.8,11.1,13.1,28.1,36.9,14.4,11.3,13.2,21.8,15.2,34.4,40.2,12,11.9,9.4,6.9,6,8,15.1,18.2,12.5,11.6,11.2,9.7,11.6,22,14.3,13.6,8.8,8.7,7.9,8.6,25.2,11.1,10.9,10.7,7.8,6.4,7,15,14.3,9.8,9.1,7.7,7.7,11.8,24,18.9,13.2,13.2,11,9.1,11,23.5,9,9.4,9.9,8.4,7.8,10,23.7,12.7,11.7,8.3,10.3,11.2,10.8,23.1,9.2,7.1,10.2,10.5,11,14.4,31.6,10.4,7.8,9.3,11,11.7,16,37.6,13.3,15,9.2,8.6,10.1,25,26,18.1,16,14.8,10.6,16.2,38.6,39.5,14.2,13.4,12.7,9,11.2,19.9,35.2,14.7,13.8,12.8,10.2,11,15.2,33.2,15,13.1,16.8,18.4,6.9,9.1,18.5,13.2,13.3,11.7,11.5,10.3,11.8,32.4,14,10.4,9.8,8.5,7.6,12.8,31.7,12.2,12.4,10.2,8.6,8.6,11.1,28,11.3,11.1,8.8,8.6,9,11.6,29.6,12,13.1,9.2,8.5,7.5,8.8,16.9,10.3,10.7,9.9,7.9,6.5,8.1,15,10.5,9.2,10.2,7.2,6,9.4,19.9,14.8,11.7,8.8,9.2,19,36.7,36.1
25/01/2012 9:00,8.5,12.1,11.4,9,10,12.6,32.8,7.2,6,5.9,5.4,5.8,7.2,13.2,9.3,6.5,5.9,5.7,5.6,5.9,12.6,11.5,9.7,7.4,5.7,6.7,9.4,17.8,11,10.5,9.5,9,8.1,8.9,19.7,12.8,13.1,21.2,13.8,6.8,10.5,30.3,10.1,12.1,10.4,8.1,8.9,13.6,37.3,15.5,14.2,22.5,10.8,12.7,26.1,37.4,13.7,10.6,12.9,21.8,14.8,32.9,39.7,11.4,10.8,8.2,5.6,5.3,6.8,12,16.6,10.5,10.6,9.5,7.5,8.2,13.4,13,11.7,8.2,8.1,6.9,7.2,19.9,10.4,10.2,9,6.1,5.2,5.8,10.3,12.8,8.9,8.4,7.2,7.2,10.2,21.4,-6.8,10.8,11.3,8.3,6.5,8.7,20.7,9,9.8,9.7,8.3,7.7,9.9,23.5,12.3,11.2,8,10.4,11.2,11.1,24.1,8.8,6,9.8,9,8.6,10.1,21.3,9.8,6.9,8.2,9.7,10.2,13,33.5,12.4,13.5,7.8,7.3,7.2,14.2,14.4,17,15.8,14.8,10.8,15.4,37.7,39.1,13.5,12.5,12.2,8.5,9.6,15.7,30.7,13.7,13.4,11.9,9.2,9.7,12.4,26.2,14.6,12.3,14.5,14.5,6,7,12.7,12.5,12.8,11.9,11.7,9.7,11.9,31.8,13.2,9.9,9,7.4,5.7,9.3,28.7,11.2,11.3,9.1,6.3,6.3,7.7,18.5,10.5,10.6,8.1,7.4,7.5,9.8,25.9,11.8,12.9,9,8.5,7.3,9.4,19.6,9.7,9.3,8.9,6.4,4.8,5.8,10.6,9.6,8.2,8,5.8,5.3,6.6,13.4,13.6,10.5,8.3,8.3,16.5,32.9,31
8/02/2012 9:00,8.6,12.2,11.9,9.4,10.6,13.1,32.5,6.9,5.9,5.6,5.7,5.7,7.1,13,8.8,6.5,5.7,5.8,5.4,6.1,13.3,12,10.1,8.1,8,9.3,12.3,22.4,11,10.6,9.8,9,8.2,10.2,26.2,12.7,13.2,23.1,18,9.7,14.1,14.1,10.1,12.1,10.6,8.5,9.8,14.4,37.6,15.3,14.4,21.3,11,12.7,26.5,37,13.4,10.7,12.5,21.4,15.2,33.6,40,11.3,10.5,8,6,5.3,6.5,11.9,16.1,11.2,10.7,10.5,9.3,10.8,20.7,13.3,12,8.9,8.7,7.4,8.3,25.1,10.2,9.6,8.8,6.2,5.6,6.1,10.4,13.4,9.9,9.3,8,7.5,11.8,23.8,-6.8,11.2,12.2,10.6,8.9,10.7,21.9,9.7,10,10.3,8.6,7.9,10.7,24.8,12.5,11.9,8.6,10.5,11.1,11,22.8,9.2,7.1,10.1,10,10.4,12.6,27.9,10.1,7.2,8.3,10.4,11.1,14.6,35.8,12.3,13.4,7.7,6.5,7.4,14.8,15,16.9,15.2,14.2,10.8,16.2,38.1,39.6,13.5,13,12.8,9.2,11.4,18.2,34.8,14,13.4,12.2,9.6,10.7,13.8,31.3,14.7,11.7,13.8,14.1,5.8,7.3,12.9,12.7,12.8,11.2,11.5,9.9,11.9,31.5,13.4,9.9,9.8,8.3,7,12,29.5,11.2,11.4,9,7.8,8.1,9.8,24.9,10.7,11.1,8.6,8.4,9.2,11.5,28.1,12.1,13.7,9,8.7,7.7,9.3,19.5,9.8,9.5,8.8,5.9,4.9,6.2,10.6,9.8,8.1,7.5,6.1,5.2,7.1,13.4,13.5,10.7,8.6,8.9,17.8,35,34.2
22/02/2012 9:00,8.6,12.2,11.7,9.4,10.3,13.1,32.2,6.8,5.4,5.7,5.4,5.8,7.3,13,7.1,5.9,5.4,5.5,5.2,6.1,13,12.1,9.7,7.7,7.1,8.5,11.5,22.1,11.4,10.1,9.6,9,8.7,10.7,27.2,12.5,13.7,22.9,17.2,9.4,13.7,32.5,10.1,12.2,10.7,7.9,8.8,14.4,37,15.2,14.3,21.4,10.7,12.8,26.3,36.5,14,10.8,12.2,21,14.4,33,40,11.2,10.5,7.9,5.7,5.3,6.6,11.3,16.6,11.5,10.9,10.4,8.9,9.9,18.8,13.5,12.5,8.8,8.9,7.3,8.5,25.5,9.9,9.2,7.6,6,5.4,5.9,10.5,13.1,9.6,9,7.6,7.9,11.7,23.4,-6.8,11.3,11.6,9.4,8.1,9.8,21,9.5,9.4,10,8.5,7.9,10.3,24.7,12.8,11.9,8.2,10.4,11.4,11.5,25.3,9.4,6.8,10,9.8,10,11.9,27.7,9.8,7.2,8.5,10.1,10.7,14.5,34.5,12.1,13.1,6.9,6.4,7.5,13.7,13.9,16.8,14.8,13.9,10.7,15.7,38.2,39.4,13.6,12.9,12.7,9,11.3,18.1,34.9,14.2,13.9,12.3,9.4,10.5,13.9,31.6,14.1,11.7,13.3,12.9,5.9,7.2,12.3,12.5,12.6,11.3,11,9.6,11.5,30.6,13.3,10.6,9.4,7.5,6.8,12.1,29.3,11.3,11.9,9.3,7.5,8.1,9.8,24.9,10.9,11.2,8.7,8.5,9.3,11.6,28,12,13.4,9.2,8.6,7.8,9.7,19.8,9.7,8.8,8.5,5.6,4.4,5.7,9.5,9.8,7.4,7,5.8,5.1,7,13.1,14.1,11.2,8.6,8.8,17.2,35.1,34.6
7/03/2012 9:00,10.1,12.5,12.6,10,10.8,14.2,34.5,7,5.5,5.4,5.8,7.4,11.1,24.5,7.5,6,5.7,5.9,5.8,8.9,24.3,14.1,11.7,9.4,9.4,10.2,13.8,26.2,12.4,11.6,10.7,10.4,9.7,14.4,34.6,13.5,14.1,25.6,22.2,10.6,14.8,35.5,10.9,12.7,11.5,8.6,9.8,14.8,38.7,16.9,15.4,24.2,11.3,12.6,27,38.8,15.5,11.7,14.1,22.4,14.8,34.1,40.7,11.4,11.9,9.2,7.4,7.8,11.1,21.8,18.9,13.9,12.6,12.1,10.9,13.4,24.8,15,15.7,10,9.8,8.4,10.3,28.4,10.8,9.6,10.3,6.5,5.6,7.9,18.3,14.9,10.6,10,8.7,8.8,13.5,26.9,-6.8,12.9,12.7,10.4,8.1,10.4,20.8,10.1,10,10.3,9.2,8.3,11.8,27.6,13.3,12.5,9.3,11.4,12,12.8,27.4,10.2,7.1,11.3,11,12.2,14.8,33.1,12.7,8.2,9.1,10.6,11.5,15.3,37.4,12.6,12.9,7.4,6.6,7.8,19.4,25.3,18.3,17,14.9,11,16,38.6,41.4,15,14.2,13.9,9.9,12.4,19.4,39.1,15.1,14.7,13.2,10.9,12,15.9,37.2,14.3,12.1,14.1,13.7,6.9,9.9,26,13.9,14.1,12.2,11.6,9.6,12.2,32.5,14.9,11.6,10.9,9.1,7.5,12.6,31.1,13.1,13.7,11.3,9.2,9,12.5,29.3,11.8,12.1,9.3,9.4,10.2,13.1,30.9,12.5,14.2,9.4,9.1,8.1,10.8,22.4,9.6,9.4,8.7,7.5,6.8,9,20.6,9.5,7.4,7.2,5.9,6.9,11.2,27.2,,,,,,,
21/03/2012 9:00,10,12,11.6,9.3,10.1,13.5,32.5,6.8,5.2,5.8,5.8,6.6,9.8,20.9,7.6,5.8,5.7,5.6,5.8,8.6,22.6,12.5,10.1,8.1,8.1,9.3,13.4,25.4,11.3,10.6,9.8,9,9,11.7,30.8,12.9,13.6,23.3,16.7,9.3,14,33.7,10.4,12.2,11.1,7.8,8.1,15.1,35.9,15.7,14.2,22.4,10.1,11.8,28.2,34.9,14.7,11.2,13.1,20.4,13.7,32.9,37.6,11.5,11.7,8.9,7.1,6.8,8.8,19.1,18,11.8,11.3,10.8,9.5,11.8,22.4,14,13.4,8.9,8.7,7.6,9.5,27.7,10.5,10,10.3,6.7,5.8,7.2,17.5,13.3,9.3,9.2,7.4,7.6,12,25.7,-6.8,11.1,11.4,8.9,7.4,9.2,21.7,8.8,9.4,9.5,8.3,7.4,10,24.9,12.4,11.1,8,10.1,11,11.2,25,9.3,6.5,9.8,9.8,10.6,13.8,30.5,11.5,7.6,8.4,9.7,10.1,14.5,34.6,12.2,13.2,7.2,6.9,8.4,19.8,21.8,17.4,15.2,13.7,9.8,14.8,38.3,38.2,13.6,12.8,12.2,8.9,10.8,19.5,35.1,14.3,13.7,12.3,9.7,11,14.5,33.3,14,11.6,14.3,14.3,6.1,9.7,20.6,13,12.9,11.5,10.4,9.2,10.8,30.9,13.9,10.3,9.8,7.8,6.4,10.5,30.4,11.7,12.3,9.6,8.1,8.2,10.9,28.5,11,11.3,8.6,8.5,9,11.6,30.4,11.6,12.5,8.9,8.4,7.3,8.9,20.2,9.2,9,8.7,6.5,5.6,8.4,17.2,9.4,7.9,7,6.3,5.5,9.4,21.2,14,11.5,8.7,9,17.8,35.7,36.4
4/04/2012 9:00,9.6,12,11.1,8.8,9.6,12.9,31.7,6.7,5.2,5.8,5.7,6.4,8.9,17.9,7.5,5.9,5.5,5.5,5.6,7.4,19.1,11.9,9,6.8,6.7,8.2,11.7,23.4,11.1,10.6,9.2,8.8,8.3,10.5,27.2,12.3,13.1,21.3,14.6,8.4,13.7,33.3,10.3,12.1,10.9,7.7,8.1,14.4,36.5,15.4,14.2,21.1,9.8,11.1,27.6,34.3,14.4,10.7,12.8,19.6,13.4,33,37.6,11.6,11.3,8.9,7,6.1,8.4,16.2,17,11,10.8,9.8,8.4,10.2,20.4,13.4,12.3,8.7,8.1,7.3,8.1,25.3,10.2,9.6,9.4,6.4,5.7,6.8,14.7,12.7,8.7,8.1,7,7,11.6,24.5,-6.8,10.4,10.6,8.3,6.5,8.9,23,8.2,8.7,9.5,7.8,7.1,9.1,23.6,12.2,10.8,7.8,9.9,10.6,11,24.6,8.9,6.5,9.6,9.2,9.6,12.4,27.5,10.9,7.1,7.6,9.1,9.8,14.7,34.6,11.8,12.4,6.9,6.3,8,18.8,18.6,16.6,14.1,13.3,9.1,14.6,37.6,37.9,13.2,12.6,11.7,8.2,9.7,19,34.1,13.7,12.9,11.9,8.9,10.2,14.6,31.1,14.1,11.6,14.1,13.8,6.5,9.1,18.6,13,12.8,10.7,9.3,8.9,10.9,30.8,13,9.8,9.3,7,5.6,10.3,30.1,11.2,11,9.3,7.2,7.9,9.8,26.6,10.4,10.6,7.8,7.8,8.4,11,29,10.9,12.6,8.5,8.5,6.8,8.9,18.9,9.4,8.6,8.2,5.6,4.8,7.1,12.7,9.5,7.5,7.2,5.8,5.7,9,18.3,13.9,10.1,8.2,8.4,17.4,34.9,34.2
18/04/2012 9:00,9.6,11.7,11.3,8.8,9.6,12.9,33.3,6.9,5.5,5.7,5.8,6.3,9.2,19.1,7.3,5.8,5.6,5.6,5.4,7.4,18.4,11.3,8.4,6.3,6.7,9.5,14,27.4,10.7,9.9,9.3,8.9,8.7,12.9,33.3,12.2,12.9,20.7,13.7,9.3,14.9,35.6,9.9,11.7,10.5,7.6,8.9,15.7,38.2,15,13.9,20.5,9.3,12,28.6,37.3,14,10.8,12.5,19.8,14.2,33.2,39.5,11.3,10.9,8.7,6.4,6.1,9.1,18.5,16.4,10.3,10.3,9.5,8.4,12,24,13.2,11.8,8.5,8.3,7.3,8.9,27.3,10.1,9.3,8.3,6,5.7,7,14.5,11.9,8.8,7.7,6.5,7.4,13.2,27.1,-6.8,10.4,11.4,9.6,8.1,10,22.6,8.2,8.8,9.1,8.1,7.3,9.8,26,11.9,10.6,7.9,9.8,11,12,27.3,8.5,6.1,9,9.1,9.8,13.5,31.5,10.8,6.8,8.1,9.8,10.8,15.8,36.8,11.2,11.6,6.9,6.1,7.6,18.3,19.5,16.1,13.9,13.1,9.6,15.6,38.4,40.5,12.9,12.1,11.3,7.9,9.8,19.6,37.3,13.5,12.5,11.6,9.1,10.5,14.9,34.8,14.3,11.5,13.7,13.9,6.3,9.3,20.8,12.7,12.2,10.8,10.2,9.8,12,33,12.9,9.6,8.7,7.7,7.3,12.2,31.7,10.9,10.5,8.7,6.7,8.6,12.6,30.7,10.1,10.1,7.7,7.9,8.9,12.3,31,11.1,12.2,8.2,8.1,6.9,9.9,20.8,9.3,8.4,7.7,5.8,5,7.5,14.7,9.5,7.7,7.1,5.8,5.8,10,21.4,13.1,10,8.1,8.4,17.7,35.2,37.4
2/05/2012 9:00,9.5,11.9,10.9,8.6,9.7,12.8,32.4,7,5.5,5.4,5.7,6.6,8.7,17.1,7,5.6,5.6,5.4,5.3,6.6,15.7,11,8.1,5.9,6.1,8.3,12.5,24,10.6,9.7,9,8.9,8.3,10.8,29,12.6,13.3,19.8,13.1,9.1,14,34.8,9.6,11.8,10.1,7.6,8.2,14.2,37.3,15.2,13.9,19.8,9.4,11.9,27.5,36.5,14.1,10.8,12.5,19.2,13.7,32.8,38.7,11.2,10.8,8.6,6.6,6,8.2,15.7,15.4,9.7,10.3,9.1,7.9,10.1,20,13,10.9,8,8.1,6.9,8.2,24.6,9.9,9.3,8,6.2,5.5,6.6,12.7,11.4,8.2,7.7,6,7.2,12.2,24.7,-6.8,10,10.4,8.1,7.1,9.4,21.9,8,9.1,9.2,7.8,7.1,9.8,25.5,11.6,10.5,8,9.8,11.3,11.8,25.6,7.8,6,9,8.8,9.1,11.6,28.1,10.7,6.7,8,9.2,9.6,14.3,35.2,10.8,10.2,6.4,6.1,7.4,16.8,17.9,16.2,13.7,12.8,9.6,14.9,37.5,39.7,12.9,12.1,11,7.8,9.7,18.5,35.4,13.2,12.5,11.4,9.1,10.5,14.3,32.1,14.1,11.8,13.7,13.6,6.5,9,18.7,12.6,12.8,10.6,9.5,9.3,11.8,32.6,12.6,9.3,8.4,6.8,6.2,11,30.2,10.9,10.1,8.3,6.6,7.9,10.2,26.3,9.6,9.5,7.5,7.8,9.4,11.8,29.2,11.2,12.2,8.4,8.1,7.6,9.9,21.3,8.8,8.1,7,5.3,4.8,6.7,11.4,9.1,7.4,6.8,6.1,5.8,9,18.8,13,10.2,8.1,8.1,17.2,34.8,35.1
16/05/2012 9:00,9.4,11.6,11,8.6,9.6,12.7,31.8,6.8,5.3,5.4,5.6,6,8.2,15.7,6.8,5.6,5.5,5.8,5.6,6.4,14.7,10.5,8,6.3,8.2,9.5,13.1,24.9,10.5,9.6,9.4,9.1,8.8,11.6,30,12.2,12.9,19.6,13.3,8.9,13.9,33.6,9.8,11.5,10.3,7.2,7.6,13.5,36.2,15.1,13.5,19.5,9.1,11.3,26.3,35.2,14,10.3,12.3,18.8,13.1,32.1,37,11.1,10.4,8.6,6.2,5.7,7.8,14.4,14.7,9.5,10,8.8,8.4,11.7,22.1,12.8,10.4,8.2,8.1,7.4,8.7,26.2,9.7,8.8,7.5,6.1,5.5,6.2,12.3,-6.8,8.2,7.6,6.5,7.4,11.7,23.6,-6.8,9.5,9.7,8,6.5,8.3,20.3,8,8.7,9.2,7.8,7.2,9.5,23.9,11.4,10,7.8,9.8,11.3,11.5,24.7,8.1,6.2,9.6,9.7,10.6,13,29.1,10.8,6.8,7.7,8.9,9.6,13.9,34,10.2,9.7,6.6,6,7.4,16.7,16.8,15.6,13.5,12.2,8.9,14.5,37.3,37.7,12.3,11.8,10.6,7.9,10.2,18.7,36.2,13.3,12.3,11.6,9.3,10.9,14.5,33.1,13.6,11.4,13.3,13.4,6.3,8.3,17.3,12.3,12.4,10.7,9.5,8.7,11,29.3,12.7,9.2,7.9,6.8,5.8,10.2,28.9,10.5,9.9,9.4,8.3,8.3,11.1,27.5,9.5,9.5,7.2,8.3,9.1,11.5,29.1,11,12,8.4,8.2,7.6,9.6,19.9,8.9,7.3,6.4,5.2,4.8,6.4,10.5,9.1,7.1,7,5.8,5.5,8.2,16.8,13,9.5,7.4,8.1,17.5,35,36.1
30/05/2012 9:00,9,11.3,11.1,8.7,9.6,12.2,31.2,6.6,5.3,5.7,5.8,6.1,8.4,16,6.6,5.7,5.5,5.3,5.3,6.5,14.6,10.4,8,6.4,7.9,9.3,12.5,24.6,10.3,9.7,9.3,8.7,8.3,10.9,28.4,12.2,13.1,19.6,12.6,8.1,13.3,33.6,9.7,12,10.5,7,7.5,13.6,36.2,14.8,13.7,18.4,9,11.2,27,34,14,10.3,11.9,18.3,12.5,31.6,36.3,11,10.6,9.3,6.2,5.9,7.8,14.4,14.6,9.1,10,9,8.5,10.7,21.3,12.7,10.3,8,8.3,7.2,8.6,25.2,9.6,9,7.5,5.9,5.6,6.3,12.3,10.8,8.4,7.3,6.4,7.1,10.8,23.1,,9.3,9.6,7.4,6.4,8,19.7,7.9,8.8,9.1,7.7,6.9,9.1,22.9,11.6,10.1,7.9,9.7,11,10.7,24.2,8,6,9.2,9.3,9.7,12.4,29,10.4,6.7,7.7,9.1,9.5,13.5,33.9,10.5,9.6,6.5,6.3,7.3,16.4,17.2,15.1,13.2,12.3,8.6,13.7,36.2,36.6,12.6,11.9,10.8,7.8,9.8,18.1,35.9,13.2,12.2,11.4,9.3,10.2,14.4,32,13.6,11.2,13.2,12.9,6.4,8.4,16.8,12,12.5,10.5,8.9,8.2,10.4,29.4,12.1,9.4,8,6.6,5.6,9.5,28.9,10.4,10,9.1,8.1,8,10.3,27.8,9.5,9.1,7.4,7.9,8.3,11.1,28.7,10.5,11.9,8.4,8.3,6.9,8.9,18.5,8.7,7.6,6.8,5.5,4.9,6.6,10.9,9,7.3,6.8,6.1,5.7,8.1,16.4,12.6,9.9,7.6,8,16.8,34.2,35.2
13/06/2012 9:00,10.2,12.3,12.5,9.8,11.2,13.9,34.6,6.7,5.3,5.6,7.2,9.1,12.7,28.1,6.5,5.7,6.1,6.8,7.7,10.2,26.2,14.1,11.4,8.6,8.9,10.4,14.7,27.3,11.3,10.9,10.9,9.9,9.5,14.5,34.6,13.3,14,24.8,22.5,10.5,15.3,35.8,11.2,13.1,11.5,8.7,9.4,15,37.9,15.9,14.5,23.1,11.6,12.6,27.7,38.7,13.8,11.4,13.7,22.6,14.9,32.9,39.7,10.8,10.8,9.5,8.3,8.7,12.3,24.2,17.4,13.6,12.3,11.9,10.9,13.8,24.8,14.6,15.5,9.8,9.9,8.5,11,29.4,9.8,8.9,7.8,6.9,7.1,10.3,22.8,14.7,10.5,10,8.4,8.6,13.9,28.3,,13,12.7,10.3,8.3,10.4,21.8,10.5,10.2,10.4,9.1,8.6,12,28.3,13.4,13.4,9,11.4,12.1,13.6,29,10.4,7.4,10.9,11.1,12,15,32.2,13.1,8.3,9.2,11.1,11.4,15.2,37,10.2,9.7,6.8,6.5,8.6,23,30.2,16.7,16.5,15.3,11.2,15.1,38.2,41.3,15.3,14.1,14.5,10.1,12,20.3,39,14.9,14.6,13.5,11.2,11.9,16.1,37.5,13.8,11,13.7,14.2,7.9,11.7,29.7,13.7,14,12.5,12.3,10.3,12.6,33,15,11.9,10.7,8.9,7.3,12.6,31.4,13.4,13.8,11.4,9.5,9.2,13.3,31.2,12.1,11.8,9.4,9.2,10.3,14,31.6,12.7,13.9,9.8,9.3,8.6,11.3,23.6,8.5,7.6,7.2,8.3,7.4,10.9,22.4,9.3,7.4,7,6.5,8.1,13.2,31.4,28.8,11.3,9.7,10,17.8,36.8,39.4
6/08/2012 9:00,10.3,12.4,12.3,10,10.8,13.8,34.8,7.8,8.3,8.7,9.5,10.3,14.4,30.1,10.6,10.3,9.6,8.4,8.5,12.9,30.4,14.5,11.2,9,9.3,10.2,14.3,27.2,12.6,11.8,10.8,10,10,15.1,35.5,13.4,14.4,25.4,21.7,11.2,15.7,36,11.1,13.4,11.7,8.8,9.7,14.9,38.8,17,15.1,24,11.4,12.7,28.2,39.1,15.5,12,13.7,22.2,14.9,33.2,40.8,13.7,15.2,11.1,9.6,9,13.4,27.2,19.4,13.9,12.4,12.3,10.8,13.7,24.5,15.1,16.1,10.1,9.8,8.7,10.4,29,12,12.6,12.8,9.9,9.1,12,25,15.4,10.7,10.1,8.5,8.9,13.9,28.3,13.3,12.3,12.5,9.7,8.7,11.1,26.3,10,10.1,10.2,8.9,8.5,12.6,28.1,13.9,12.5,9.4,11.2,12.1,13.4,27.8,10.7,7.4,11.2,11.1,11.9,15.3,32.4,12.8,8.4,9.4,11.1,11.4,16,37.7,15,16.3,10,9.8,12,29.1,38.3,18.7,16.8,14.9,10.8,15.2,38.4,41.6,14.9,14.1,13.8,10.1,12,20.4,39.5,15.6,14.9,13.5,11,12,16.9,37.6,16.6,13.9,18.7,25.5,9.8,14.1,37,14.2,13.9,12.9,11.6,9.8,12.6,32.8,15.7,11.6,11.1,8.6,7.7,12.9,31.9,13.1,13.2,11,9.1,9.2,13.4,30.4,11.8,11.7,9.3,9.5,10.1,13.9,31.4,12.5,13.9,9.5,9.1,8.7,11.5,23.2,11.3,12.1,10.6,9,8.7,12.7,25.6,11.4,10.8,11.5,9.5,9.5,14.5,35.4,16.3,12.5,10,10.3,17.9,37.1,38.9
29/08/2012 9:00,10.1,12.2,12.5,9.8,10.9,14.8,36.8,8.6,8.1,8.5,9.7,9.9,14.9,32.4,10.2,10.5,9.2,8.5,8.6,12.9,31.5,15,10.8,8.4,9,10.2,14.8,29.2,12.2,11.7,10.6,10.1,9.8,15.1,37.6,13.3,14.8,26.2,19.6,10.2,16.2,36.9,10.6,13.1,11.4,8.3,9.3,16.5,39.5,16.7,15.4,23.4,11.3,13.3,30.8,38.6,14.9,11.6,13.8,22.1,14.7,35.2,40.9,14.4,15,11.2,9.7,9.1,13.7,29.7,20.1,13.7,12.1,12.1,10.5,14.1,25.5,14.7,14.7,9.7,9.6,8.5,11.2,32.9,11.8,12.2,12.4,9.4,8.9,11.2,27.4,14.9,10.4,9.5,8,8.8,13.9,28.3,13.1,11.7,12.1,9.4,8.1,10.6,26.9,10,10.2,10.2,8.6,8.2,12.3,30.4,14.1,12.2,9.2,11,11.8,13.4,29.6,10.2,7.2,11,10.7,11.8,15.5,34.1,12.6,8.2,8.8,10.7,11.3,16.8,37.6,14.6,15.6,9.7,9.9,12.4,30.6,37.1,18.7,16.4,14.5,10.5,17,38.4,40.3,14.6,13.9,13.3,9.6,12.8,21.6,38.8,15.1,15,13,10.5,11.9,16.9,38.1,16,13.9,19.6,23.9,9.8,15.2,36,13.8,13.4,11.9,11.6,9.8,12.5,35,14.9,11.2,10.5,8.3,7.6,12.7,34,12.6,13.1,10.8,9.1,9.1,13.3,32.2,11.6,11.6,8.8,9.2,10,13.5,33,12.2,13.3,9.4,9,8.5,11.7,24.6,11.1,11.9,10.2,8.5,7.8,13,26.5,11.3,10.4,11.7,9.2,9.3,16.1,35.6,16.5,12.4,9.5,10.2,20.5,37.9,40.2
13/09/2012 9:00,10,12.1,11.8,9.4,10.6,14.4,35.4,8.4,7.4,8.2,9,9.7,14.1,30.7,9.9,9.7,8.6,7.4,7.8,11.5,30.1,13.3,9.9,7.7,8.5,9.6,14.6,28.5,11.9,10.7,10,9.2,9.6,14.6,36.5,12.9,14.1,24.2,16.1,9.9,15.8,36.5,10.7,12.5,11.2,8,8.8,15.9,38.4,15.9,14.6,22.3,10.5,12.9,29.2,37.4,14.3,11.1,13.4,20.9,14.7,34,39.3,13.7,13.6,10.2,8.7,8.2,13.1,27.5,19.3,12.4,11.2,10.5,9.9,13.4,26.1,14.4,13.3,8.8,9.1,7.8,10.2,31,11.3,11.4,11.7,8.6,8.3,10.6,25.6,13.2,9.4,8.9,7.5,8,13.8,29.6,11.7,11.1,11.7,8.7,7.4,9.5,24.2,9.1,9.6,9.3,8.2,8,11.2,28.5,13.5,11.1,8.4,10.3,11.4,13,28.8,9.5,6.6,10,9.6,11.6,15,33.7,11.6,7.6,8.2,9.8,10.7,15.3,37.2,14.1,15.2,9.1,9.1,11.8,29.2,36.2,17.9,15.7,13.7,9.8,16.1,38,39.3,13.2,12.3,8.8,11.2,20.5,38.4,38.6,14.5,14.4,12.4,9.5,10.9,16.1,37.7,15.5,13.4,18.8,21.2,8.5,13.6,34.7,13.1,13,11.5,10.5,9.1,12,33.1,13.9,10.4,9.5,7.7,6.7,10.7,32,11.5,11.9,9.7,8.3,8.3,12.6,31.7,10.8,11.2,8.5,8.8,9.3,13.2,33,11.6,12.8,8.7,8.3,7.9,10.5,24.4,10.4,10.2,9.7,7.7,6.9,10.4,24.1,10.7,9.7,10.8,8.4,8.7,14.4,33.9,15.6,11.5,9.2,9,19,37.1,38.8
26/09/2012 9:00,10,12.2,11.5,9.5,10.5,14.2,35.5,8.4,7.5,7.5,9,9.3,13.5,29.9,-6.8,9.1,8.5,7.4,7.4,10.4,28.4,-6.8,9.3,7.5,8.7,10.1,13.9,27.8,11.2,10.7,9.8,9,9.3,14,35.7,12.2,13.9,23,15.9,9.8,15.2,35.8,10.4,12.6,10.5,8.4,9.2,15.5,38.6,15.6,14.4,21.6,10.2,12.8,29,37.3,14.3,10.8,12.9,20.3,14.3,34,39.9,13.7,13.2,9.9,8.6,8.3,12.3,26.9,-6.8,11.6,11.1,10.6,10.6,13.6,25.8,13.7,12.6,8.7,8.5,7.3,10.5,30.8,11.2,10.9,10.6,8.4,8,9.8,25,13.3,9.3,8.8,8,8.2,13.1,26.8,-6.8,10.6,11.3,9.3,8.2,10,24,8.5,9.2,9.7,8.2,7.7,11.4,28.5,13.5,10.8,8.4,10.2,11.6,12.7,27.9,8.9,6.1,9.9,9.5,10.9,14.2,32.6,-6.8,7.5,8.3,10,10.8,15.8,37,13.3,14.8,8.9,8.8,11.4,29.1,35,16.9,15,13,9.3,15.9,37.8,39.5,13.7,12.8,12.1,8.8,12,20.9,36.7,14.2,13.6,12,9.6,11.1,15.8,36.8,15.2,13,18.5,19.8,8.6,14.1,34.6,13,12.8,10.8,10,8.9,12,34,13.4,9.8,8.4,7.8,7,11.7,32.2,11.3,11.6,9.1,7.6,8.2,11.5,30.4,10.4,10.7,8.4,9,9.6,12.6,32.1,11.3,12.7,8.6,8.2,8.3,11,23.4,-6.8,10.3,9.1,7.6,6.5,10.2,23,10.2,9.3,10.4,8.3,8.4,14.1,33.4,-6.8,10.9,8.8,9,19.2,36.7,38.9
10/10/2012 9:00,9.7,12,11.9,8.9,10.4,13,31.9,7.9,7.2,7.8,8.7,8.9,12.2,26.4,9.1,8.7,7.9,7.2,6.7,8.4,25.2,12,8.7,6.6,7.5,9,13.2,26.2,10.6,10.3,9.4,8.9,8.8,11.9,31.2,12.6,13.6,21.6,13.5,8,13,33.9,10.2,12.3,10.2,7.4,8.4,14.5,36.9,15.7,14.3,21.3,9.9,12.1,27.5,34.2,13.9,11.1,13.2,19.6,13.4,32.6,36,13.5,12.7,9.4,8.3,8,11.2,23.3,17.9,11.2,11,9.8,8.8,11.1,22.6,13.6,12.2,8.7,8.4,7.7,9.7,27.3,10.9,10.3,10.4,7.6,6.5,8.1,22.8,12.9,8.8,8,7.1,7.4,11.6,25.7,10.6,10.2,10.7,8.5,6.9,8.5,22,8.5,9.1,9.4,8.1,7.5,10.1,24.1,13.4,11,8.4,10,11.1,11.7,25.3,8.9,6.2,9.7,9.2,9.8,13,30.6,11.4,6.9,7.9,9.4,10.1,14.3,34.1,13.1,14.1,8.6,8.3,10.1,27.7,32.8,16.7,14.3,12.8,9,15.4,37.2,36.2,13.6,12.5,11.6,8.6,10.1,19.4,34.9,13.7,13.2,11.8,9.2,10.7,14.9,33.1,15,13.1,18,19.4,8.2,13.1,30.9,12.9,13.1,11.1,9.8,8.9,10.9,29.6,13,9.3,7.9,6.7,5.7,9.3,28.8,10.8,11.2,8.5,7.3,7.8,9.9,27.9,9.8,10,8.1,7.8,8.8,10.8,29.1,11.3,12.5,8.7,8.4,7.4,9.4,19.4,9.9,9.6,8.8,6.7,6,8.6,19.9,10.5,9.2,9.9,8.1,7.9,13.1,30.6,14.7,10.8,8.6,8.8,18.6,35.8,35.8
24/10/2012 9:00,9.7,12,12.1,9.6,10.7,14.4,36.3,7.9,7.3,8,8.9,9.6,14.1,32.1,-6.8,8,7.5,7.1,7.5,13,31.6,-6.8,9.4,7.8,8.1,10.3,15.1,28.8,11,10.3,10.1,9.4,10,14.8,37.2,12.8,13.8,22.5,15.5,9.8,15.6,36.8,10.5,12.3,11,7.8,9,15.8,39.3,16.1,14.7,23,12.1,14,30,40.1,14.2,11,13.4,20.9,15.5,34.1,40.7,13.5,12.8,9.9,9.2,8.7,13.5,30.1,-6.8,11.7,11.2,10.8,9.7,13.7,26.1,13.6,11.8,8.8,9,8.1,11.1,32.2,10.8,10.4,10.6,7.7,7.8,10.6,26.7,-6.8,8.9,8.6,7.3,8.1,14.3,29.8,-6.8,11,11.4,8.9,8,10.8,24.6,8.5,9.6,9.5,8.6,7.7,11.8,30.3,13.4,11.4,8.9,10.7,11.6,13.5,29.9,8.5,6.6,10.2,10.2,11.5,14.8,33.6,11.7,7.9,8.2,10.1,10.2,15.9,37.5,13.4,14,8.5,9.1,11.8,29.5,37.3,17.2,15.2,13.3,9.7,16.5,38.4,41.6,14,12.7,12.1,8.8,11.7,20.8,38.5,14.2,14,12.5,10.1,12,17.1,39.1,15.4,13.4,18.5,20.9,9.5,14.8,37.1,13.1,13.3,11.7,11.1,10.2,12.8,34.9,-6.8,9.4,8.6,7.1,6.7,12.3,33,10.3,10.2,8.7,8.1,8.4,12.8,31.9,10.1,10.6,8.3,8.6,9.4,13.5,33.1,11.4,13.1,9.2,9.1,8.4,12.1,25.7,9.5,9.1,8.5,6.1,5.8,10.6,24.4,10.3,9.3,10.1,8.1,8.5,14.9,36.1,-6.8,10.4,8.4,9,19.3,36.8,39.7
8/11/2012 9:00,9.7,12.6,12.6,10,10.9,14.4,33.8,7.9,7.1,8,8.8,9.6,12.5,26.7,9,7.8,7.5,7.1,7.1,8.8,25.9,-6.8,8.6,7.7,9.1,10.5,14.5,28.7,11.7,11,10.7,9.8,9.4,12.9,33.1,12.9,14,22.6,15.1,10.3,15.9,36.6,10.7,12.6,10.9,8.4,9.5,15.9,38.7,16,14.8,22.6,11.2,12.8,29,35.6,14.1,11,13.1,21.5,14.6,33.7,37.7,13.5,12.9,10.1,8.6,8.3,11.9,23.3,-6.8,11,11.2,10.3,10.6,13.5,25.7,13.4,12.7,9.7,9.9,8.4,10.9,30.4,10.7,10.4,10.7,7.1,6.6,8.6,23.6,-6.8,8.7,8.4,7.4,8.6,14.1,28.3,-6.8,9.8,11,9.9,8.8,10.3,24,9.8,9.9,10,8.9,7.9,11.1,26,13.4,12.2,9.2,11.3,11.6,12.3,25.7,8.9,6.5,10,10.5,11.9,15,33.2,-6.8,7.1,7.9,9.5,10.1,15.8,36.6,13.5,14,8.1,8.4,10.5,28.3,33.4,17.1,15.1,14,10.4,16.3,38.2,38.3,14.3,13.5,12.6,9.3,13,21.2,38.5,14.8,14.6,12.9,10.9,11.4,15.9,34.7,15.8,13.5,18.2,20.6,9,13.6,31.1,13.5,13.6,12.2,11.4,9.7,11.7,31.6,12.9,9.4,8.2,7.6,7.4,12.4,33.2,10.5,10.3,8.4,9,9.5,13,31.9,10,10,8.5,9.6,10.4,13.8,32.6,12.2,13.5,9.2,8.9,8,10.4,21.5,9.6,9.1,8.6,6.1,5.7,8.5,19.5,10.3,9.5,10.3,8.5,8.2,13.5,30.1,-6.8,11.6,9.5,9.5,19.5,36.9,37.5
21/11/2012 9:00,9.7,12,12,9.3,10.4,13.3,33.6,7.9,7.1,7.7,8.4,8.7,11.5,24,8.8,7.6,7,6.4,6.4,8.7,24.8,-6.8,8.5,7.1,8,9.6,13.7,27.2,11.3,10.6,9.7,9.2,8.6,11.5,29.4,12.5,13.8,23,17.1,10.3,15.4,36.3,10.4,12.4,10.8,8.3,9.5,15.5,38.5,15.6,14.7,21.2,10,12.2,28.1,35.6,13.8,11.2,13,19.9,13.5,32.9,38.3,13.5,12.6,9.6,8.6,7.9,10.4,20.5,-6.8,10.9,10.8,10.2,9.9,12.6,24.6,13.2,12,9,8.7,7.6,9.2,26.9,10.5,10.1,10,7,6.4,8,22.9,-6.8,9.5,9.2,8.2,8.7,13.6,27.7,-6.8,11.5,12.4,9.6,7.9,10.1,23.3,9.8,9.5,10,8.3,7.4,10.5,25.3,13.4,11.3,8.2,10.3,11,11.7,24.9,8.5,6.4,9.9,9.8,10.8,13.6,30.4,-6.8,7.8,8.5,10,10.7,15.7,36.6,12.8,13.6,8.1,7.7,10,27.3,32.5,16.7,14.8,13.3,9.3,15.2,37.1,37.4,14,13.3,13,9.4,12.5,20.6,38.9,14.1,13.7,12,9.6,10.7,14.9,32,15.3,12.8,18,19.8,8.3,12.4,27.8,13,12.6,11.2,10.2,9,10.9,30.3,13.1,10.7,10.1,8.4,7.5,12.1,32.1,10.3,9.8,8.5,8.4,8.6,11.6,29.9,10.7,11.7,9,9,9.5,13.2,32.8,11.9,13.1,8.8,8.4,7.7,9.9,21.4,9,8.5,7.8,5.9,5.2,8.5,18,9.8,9,10.1,8,7.8,12.2,27.5,-6.8,11.2,8.8,8.9,17.8,35.4,35.9
5/12/2012 9:00,10,12.1,12,9.8,10.8,13.8,33.1,8.5,7.3,7.6,8.3,8.4,10.5,19.7,6.6,5.5,5.6,5.8,5.3,6.9,16.6,10.2,7.5,6.3,6,8.2,12,22.7,11,10.2,9.5,9,8.5,11.3,27.9,12.5,13.5,20.6,13.8,9.3,14.2,33.4,9.8,12.2,10.4,8.3,9.1,15.7,37.9,15.8,14.5,22.2,11.6,13.2,28.7,37.1,14,11,13.9,21.7,14.7,34.3,39.3,13.3,12.4,9.8,9.4,8.4,7.6,9.3,16.8,9.5,10,8.7,7.7,9.4,18.2,13.1,11.3,8.4,8.4,7.6,8.9,25.8,9.2,7.9,7.2,6.1,6,7,15.4,12.7,8.8,8.3,6.8,7.9,11.9,24.3,11.7,11.6,9.5,8.3,10.1,22,15.7,9.8,10.2,10.1,8.6,8,11.6,25.8,13.1,11.3,9.1,10.8,11.7,12.1,24.8,7.7,5.2,8.6,8.8,8.7,11.1,25,11,7.7,8.6,10.1,10.7,15.2,35.8,11.9,11.7,6.9,6.7,8.6,22.5,23,16.6,15.4,14.1,10.6,16.4,38.8,39.7,13.1,12.1,11.1,8.2,11.5,19.2,34.8,13.9,13.2,11.9,9.7,10.3,14.1,28.9,15.3,12.8,18,18,8,11.9,23,13.2,13.2,12.2,11.9,9.8,11.9,32.2,12.6,10.1,9.5,8,7.4,12.1,30.8,9.1,7.8,7.2,7.1,7.8,9.6,24.1,9.1,9.6,7.8,8.7,9.3,12,29.2,11.9,13.6,9.4,8.9,8.1,10.1,20.8,6.4,5.8,6,5.7,4.9,6.6,11.1,10.2,9.1,10,8,7.4,11.3,24,10.7,8.2,8.8,18.1,35.3,34.2,15.4
19/12/2012 9:00,10.7,11.9,12.1,9.8,11.1,14,31.6,8.1,7.1,7.5,8.5,8.3,10,17.7,6,5.4,5.4,5.3,5.4,6.6,13.9,6.8,7.3,5.6,5.7,8,12.7,24.2,10.8,10.2,10.1,9.5,8.8,11.9,27.6,11.8,13.9,17.7,11.5,8.8,14.4,32.2,10,12.4,9.8,8.3,10.2,16.8,38.4,16,14.8,21.9,10.7,13.3,30.6,35.7,14.8,11.6,14.1,21.7,15.5,34.8,39,14,13.2,9.7,7.8,9.9,16.6,16.8,14.3,6.5,7.1,7.4,7.3,9.7,17.4,12.6,10.2,9.2,8.9,7.7,9.9,25.6,6.6,6.6,6.3,6,5.7,6.3,13.2,10.8,7.6,6.5,6,7.4,11.1,21.6,11.2,10.1,10.5,8.9,8.7,10.6,25.3,9.8,9.9,9.7,8.7,7.8,11.1,23.6,13.1,11.5,9.4,11.1,11.3,11.1,22.1,6.1,4.5,5.9,7,8,11.3,24,11.4,7.5,8.1,9.4,9.5,16.2,35.5,9.8,8.7,6.7,6.7,8.3,19.5,17,16.8,15.5,13.8,10.2,18,38.1,38.7,12.9,11.5,9.4,7.5,10.7,20.3,32.1,13.7,13.3,11.6,9.3,10.5,14.7,28.4,14.6,13.2,18.7,16.7,7.9,11.3,19.2,13.2,13.2,11.5,11,9.6,12.3,32.9,13,10,8.7,6.6,7.4,12.6,32.4,8.2,7,6.4,6,6.5,9.1,24.5,8.3,7.9,7.3,8.4,9,11.8,29.1,12,13,9.2,8.7,7.9,9.7,18.7,6,5.3,5.4,5.3,4.8,6.4,10.2,9.9,9.1,9.8,8.3,7.9,12.1,21.2,14.2,10.1,8.2,9.1,20.3,35.5,33.2
4/01/2013 9:00,10.6,11.5,11.7,8.9,10.8,13.8,31.3,8.3,7,7.5,7.7,7.3,9,15.2,6,5.4,5.4,5.6,5.4,6.5,13.8,7.9,6.6,5.4,6.7,8.7,13.6,27.5,10.6,9.6,9.6,9.4,9.3,13.6,32.3,12.1,13.8,19.3,12.5,9,14.2,32.7,-6.8,-6.8,12.8,10.5,8.5,10.3,17.1,15.6,14.9,21.5,11.5,13.7,31.5,37.8,14.4,11.4,13.8,22.2,15.5,35.2,40.3,14.2,12.9,9.6,8.3,6.9,8.4,14.2,12.8,5.2,6.1,6.8,8.1,13.7,24.4,12.4,9.6,8.8,9.3,8.5,10.3,29.9,5.9,6.2,6.3,6,5.8,6.7,12.8,8.9,7.4,6.9,6.4,7.1,10.5,22.7,12.8,11.6,12.1,9.5,9.4,12.1,29.5,9.4,9.9,9.9,8.8,7.5,10,21.8,13.1,11.1,8.6,10.7,10.8,10.6,21.8,5.7,3.9,5.4,6.4,9.5,14.6,31.6,11.9,7.8,9.2,11,11.4,17.3,37.7,9.6,7.9,6.5,6,8.1,17.8,15.7,16.3,15.3,14.1,10.7,18.2,38.7,39.8,-6.8,12.5,10.7,9.6,8.1,11,20.3,13.3,12.9,11.2,8.6,9.6,14.1,31.9,14.5,12.8,18.3,16.1,7.3,9.2,15,13.1,12.9,11.8,11.6,9.8,13.3,34.1,-6.8,10.5,10.1,8.8,8.1,13.1,33.5,6.8,6.2,5.9,5.9,8.3,12.5,31.4,7.4,7.1,6.4,7.2,8.3,10.8,27.4,11.7,12.7,8.8,8.9,7.7,9.5,17.7,5.8,5.6,5.5,5.2,4.6,6.4,10.5,10.1,8.9,9.5,7.7,7.1,10.1,17.8,13.8,9.9,8.3,9.5,19.4,33.7,35.4
16/01/2013 9:00,10.8,11.8,11.5,8.9,10.4,13.4,31.3,8.4,7.1,7.3,7.7,7.4,10.4,15.6,5.9,5.4,5.1,5.5,5.2,6.5,13.6,7.5,6.4,5,5.3,6.9,9.5,18,10.5,9.6,9.5,8.8,8.2,10.1,20.6,10.8,12.6,14.1,10.5,8.7,14.4,32.6,-6.8,11.1,9,7.6,9.3,16.8,38.6,16,14.9,21.6,11.4,13.8,31.9,39.3,14.2,11,14,22.3,16.2,36,40.8,13.8,12.9,9.9,8.2,6.9,9.1,15.9,8.7,4.3,6.2,6.4,6.8,8.9,14.1,12.4,9.5,8.4,8.3,7.7,7.5,17.8,5.7,5.8,6.1,5.6,5.7,6.4,12.1,7.3,5.8,6.2,5.9,6.5,10.5,21.4,10,9.3,9.6,8.2,8.8,11.3,25.5,9.4,9.9,9.7,8.7,7.9,11.2,23.8,12.9,10.8,8.8,10.7,11.3,11.9,23.4,5.5,4.1,5.2,6.2,7.2,9.7,18.5,11.1,7.2,8.4,9.7,9.2,15.3,36.4,8,6.8,6.1,6,7.4,15,14.5,16.2,15.8,14.4,10.8,18.4,39.1,40.9,10.8,9.9,7.6,6.5,8.2,17.6,27.8,13.6,13.4,10.7,8.9,8.9,12,21.3,14.8,12.8,18,16,7.4,8.9,17,13.2,13.3,12.1,11.4,10.1,13.2,35.6,12.4,8.5,7.9,7.7,8.2,13.5,34.1,6.9,6.3,6.1,5.5,5.8,7.6,16.7,7.1,7,5.9,6.2,6.8,8.7,21.8,11.8,12.9,9.4,8.5,7.9,10.6,20.5,5.5,5.2,5.6,5.2,4.7,6.4,11.2,10.2,9.2,9.6,7.7,7.3,10.6,19.8,14,9.8,8.2,8.2,19.1,32.5,29
30/01/2013 9:00,10.4,11.8,11.6,8.7,10.7,14,32.7,8.3,6.9,7.5,7.4,7.2,9.5,14.9,5.8,5.1,4.9,5,5.2,6.3,12.5,7,6.2,4.9,5.5,7.6,11.9,24.1,10.2,9.3,9.6,9.2,8.9,12,27.2,10.2,11.8,16.4,14.3,9.8,15.5,34.3,9.8,12.8,10.5,9,10.3,17,38.7,16.1,15.1,22.7,11.3,14,30.8,37.4,14.1,11.7,14.2,22.4,15.4,35.6,39.7,13.4,13.4,9.7,8.3,6.6,8,13.1,7.4,4.3,6.4,8.2,9.3,13.1,23.8,12,9.1,8.6,9,7.9,9.3,25.3,5.8,5.8,6,5.7,5.1,6.2,11.4,6.7,6,7.7,6.7,7.7,12.3,25.7,13.7,12.6,13,10.2,8.8,11,24.7,10.3,10.1,9.8,8.4,7.7,10.9,23.3,12.9,11,8.8,10.7,11.3,11.9,23.4,5.4,3.7,5.1,7.1,9.3,12.8,27.4,11.4,8.2,9.5,11.2,11.2,16.9,37,7.2,6.9,6,5.7,7.3,14.9,12.6,16.9,16.1,14.5,10.4,17.8,38.4,39.4,10.3,9.8,9.2,8.3,10.4,20.4,33,13,12.8,10.9,8.5,9.1,14.3,29.1,14.5,12.7,17.5,15.4,7.5,8.9,14.8,13.5,13.4,12.2,11.5,9.8,12.3,33.3,13.8,11.7,10.9,9.2,8.2,13.2,33.8,7.1,6.3,5.8,5.8,7,10,27.1,6.9,6.5,6,5.9,6.7,10.1,29,11.8,13,8.9,9,8,10,19.2,5.5,5.3,5.4,5.3,4.4,6.2,9.5,9.8,8.7,9.4,7.7,6.6,9.8,17.9,13.6,9.7,7.9,8.3,18.2,34.4,33.6
13/02/2013 9:00,10.4,12,11.4,8.8,10.6,14.2,33,8.3,6.7,7.3,7.3,7.7,10,16.5,5.7,5.1,5.1,5.2,4.9,6.4,13.1,-6.8,6.4,4.9,5.2,6.7,9.2,16.9,10.3,9.4,8.9,8.5,8.1,9.2,19,10.2,12.4,18.2,14.5,9.5,14.4,33.3,10.6,12.6,10.8,9.1,10.1,17.3,38.3,16.4,15.7,23.9,12.1,13.8,31.1,38.6,14.7,11.5,14.3,22.8,15.5,35.4,40,13.4,13.2,9.8,8.3,7.2,8.5,14.6,6.2,3.6,6.1,6.6,7.2,9.4,14.8,12,8.7,8.1,8.1,7,7.6,17.4,5.5,5.7,6,5.4,5.4,6.5,11.6,-6.8,8.4,8.3,6.9,7.3,11.2,23,-6.8,11.4,12.3,10.6,9.3,11.3,24.5,10.3,10.3,10,8.6,7.5,10.9,23.5,12.9,11.3,8.8,11.1,11.2,11.2,23.3,5.4,3.8,5.1,6,6.8,9.7,17.9,-6.8,7.7,9,10.8,11.4,16.8,36.4,7,6.5,6.2,6,7.3,15,13.8,17.2,16.3,14.6,11.2,17.7,38.8,40.8,9.1,8.9,7.5,7,10,19.2,31,13.2,12.6,11.1,8.3,8.5,11.3,21.3,14.4,12.5,16.8,15.4,7.6,9.7,16.3,13.3,13.1,12.6,12.3,10.2,12.9,34.3,13.9,11,10.4,9.4,8.2,13.4,33.5,6.7,6.1,6,5.6,5.9,7.7,18.1,6.8,6.8,6,6,6.9,10,26.8,11.9,12.7,9.2,8.8,7.7,10.1,19.7,5.1,5,5.4,5,4.4,6.4,10.6,9.7,8.7,9.4,8.1,7.1,10.3,18.9,-6.8,9.7,7.8,7.8,17.9,32.3,28.8
27/02/2013 9:00,10.4,11.6,11.8,9.2,10.3,13.7,33.3,8.3,6.9,7.3,7.2,7,9.3,15,5.6,5.2,5.6,5,5,6.1,11.4,11.1,8.1,6.5,6.8,8.8,11.7,22.2,11.4,10.4,9.7,9,8.5,10.7,23.3,8.8,11,14.8,12.6,9.5,14.6,32.9,9.9,12.5,10.1,9,9.8,16.5,38.3,16.6,15.2,23.7,11.8,13.6,30.9,37.8,14.2,12,14.1,23,15.3,34.6,39,13.4,13.2,9.7,8.2,6.8,7.8,11.8,-6.8,9.7,9.9,8.7,7.3,9.8,16.3,13.5,11.7,9.1,8.8,7.6,9,24,5.6,5.5,5.8,5.7,5.4,5.9,10.1,-6.8,6,7.3,6.4,7.2,10.7,21.3,-6.8,10.8,12.1,10.2,8.9,10.4,23.9,10.3,10.2,10,8.9,7.9,11,23.2,12.9,12.1,9,11.3,11.3,11.6,23.8,7.7,5.4,8.9,8.6,9.1,10.8,22.3,-6.8,7.6,8.9,10.4,10.7,16.4,36,6.8,6.5,6,6.1,7.1,13.4,11.2,16.4,15.9,15,11.2,17.9,39.2,40.8,9.7,10.6,9.6,7.8,10.1,18.1,29.5,14.2,14.2,12.3,9.7,10.5,14,27.3,14.4,12.7,16.8,15.4,7.2,8.9,14.1,13.4,13.7,12.7,12.1,10.4,13.3,33.4,13.7,11.4,10.5,9,8.2,13.1,33.2,7.5,8.9,7,7,7.4,9.4,23.3,7,6.8,6,5.9,6.7,9.5,24.6,12,12.8,9,8.8,7.6,9.9,19.8,5,4.9,5.5,5.3,4.5,5.7,8.1,9.8,8.8,9.4,7.5,6.6,9.6,17,-6.8,11,8.9,9.4,19.6,35.3,33.5
13/03/2013 9:00,10.3,12,12.5,9.7,10.8,13.9,33.7,7,7,7,7,7.1,9,15.1,5.7,5.2,5.2,4.9,4.8,5.9,11.7,9.7,9.3,7.6,8.7,9.9,13.7,25.4,10.9,10,9.7,9,9.1,12.4,30,11.2,13.4,22.6,17.1,10,15.5,34.8,10.8,13,11.2,9,10,16.9,39.1,16.1,15.3,22.8,11.4,13.4,30.9,38,14.4,11.3,14.1,22,14.9,34.3,39.7,13.8,13.5,10,8.1,7.1,8.7,14.8,9.6,9.1,9.8,10.3,9.6,12.8,23.6,14,12.7,9.8,9.1,7.9,10.5,28.5,5.9,5.5,6,5.5,5.3,6.2,11.6,10.3,9.7,9,7.8,7.9,12.6,25.4,13.5,12.6,12.9,10.7,8.8,10.8,24.8,9.4,10.1,9.8,8.7,7.8,11.3,25.8,12.4,11.7,9.3,11.2,11,11.8,25.1,6.6,5.3,8,8.2,8.7,12.4,27.7,8.9,8.3,9.6,11.2,11.2,16.6,37.3,6.7,6.5,5.7,6,6.8,13.2,10.9,16.8,15.8,14.2,10.5,17.8,39.5,40.2,11.6,10.9,9.4,8.3,11.7,21,33.7,13.7,13.5,12.1,9.1,10.4,15.2,32.6,15,12.6,16.9,15,7.1,8.9,13.8,13,13.2,11.9,11.6,10.1,13.1,34.5,15.2,11.7,10.5,8.9,8,13.3,33.3,8.4,9.5,7.4,6.2,8,10.6,28,7,6.8,6.1,6.3,7.4,11.1,28.5,12.3,13,9.2,8.9,7.9,10.2,20.9,4.9,4.8,5.2,4.9,4.3,6,9.3,9.5,8.4,9.1,7.4,6.2,9.4,15.7,12.1,10.2,8.7,9.3,19.7,35.4,35.5
27/03/2013 9:00,10.5,12,12.5,9.6,11.4,14.6,34.5,7,6.8,7,7.5,8.3,11.6,23.4,5.6,5.1,5,5.2,5.5,7.2,18.6,-6.8,9.4,7.7,8.8,9.7,13.8,26.8,10.5,9.6,9.8,9.4,9.4,12.7,32.1,12.2,13.8,22.9,16.5,9.4,14.9,34.8,11,13.3,10.7,8.4,9.5,16,37.8,16.6,15,22.6,11,13.3,30.1,37.8,14.7,11.7,14.2,22.1,14.7,34.6,39,13.8,13.9,10,8.6,8.2,11,21.3,-6.8,9.9,10.5,10.4,9.1,12.3,23.7,13.8,12.4,9.8,9.3,8.1,10.4,28.8,5.6,5.8,5.9,5.8,6,7.5,17.8,-6.8,9,8.6,7.7,7.7,12,24.7,-6.8,11.6,11.5,9.3,8.2,10,23.8,9.8,9.9,10,8.8,7.7,11.4,26.7,12.4,11.5,9.3,10.9,11.5,12,25.6,-6.8,4.8,8,9,10.1,13.3,28.9,-6.8,8,8.9,10.3,10.6,15.9,35.8,9.1,7.1,5.8,6.5,8.3,18.4,18.5,17.2,16,14.6,10.4,17.1,38.2,40.3,10.6,10.3,9,8.5,11.8,20,34.4,13.5,12.9,11.9,9.9,11.6,15.8,35,14.5,12.8,16.4,15.8,8.2,10.9,22.8,13.5,13.5,12,10.9,9.6,12.1,33.2,14.6,10.7,10.2,8.2,7.3,11.9,31.5,10.4,10.6,7.7,7.1,8.4,11.4,28.6,7,6.6,6.1,6.8,8.2,11.2,29.3,12.2,13.2,9.1,8.9,7.8,10.4,21.3,5.3,5.2,5.5,6.1,5.8,8.5,17.3,9.5,8.6,9.6,8.1,7.9,12,25.4,14.1,10.5,8.6,9.2,19.6,36.2,36.9
10/04/2013 9:00,11.6,12.2,12.8,9.9,10.8,14.1,34.7,7.1,6.7,7.1,7.2,7.6,10.7,21.3,5.7,5.3,5.2,5.2,5.7,6.5,15.2,12,10,7.9,8.4,9.6,13.3,25.5,11.3,10.1,10.1,9.3,9.2,11.9,29.7,12.6,14.3,24,17.8,10.5,15.5,35.3,11.1,13.4,11,8.5,9.8,16.8,38.5,16.6,15.3,22.9,10.9,13.4,29.8,38.3,14.5,11.3,13.8,21.5,14.6,34.6,39.8,12.2,13.4,10,8.7,8.3,10.5,18.4,12.8,11.4,11.6,10.7,9.7,12.6,23.9,14.4,13.1,9.5,9,8,10.1,28.4,5.6,5.8,5.9,5.6,5.6,6.8,14.5,13.3,10.2,9.4,7.7,8.6,13.1,27.7,-6.8,11.8,12.7,10,8,10.4,23.8,9.6,10.4,10.4,8.7,8,11.9,27.2,12.8,12.6,9.3,10.8,11.4,11.9,26.4,7.6,6.7,9.6,9.9,10.4,13.3,28.6,10.9,8.6,9,10.9,11.2,16.7,37.3,10.4,8,6,6.2,7.7,16.7,15.7,16.9,16,14.4,10.7,17.3,38.8,40.7,11.7,11.6,12.6,9.2,12.7,20.9,36.5,13.5,13.6,12.5,10.3,11,15.6,32.3,14.4,12.6,16.7,15.5,7.9,10.7,21.6,13.3,13.1,12.2,11.3,9.9,12.5,33.9,15,11.3,10.5,8.4,7.6,12.9,33.3,10.6,11.7,9.7,8.3,8.4,10.9,28.8,7.5,9.1,8.1,8.6,9.3,12.7,31.6,12.1,13.4,8.9,8.9,8.1,10.9,22.3,5.3,5.1,5.4,5.6,5,7.3,12.1,9.6,8.8,9.8,7.9,7.3,11.3,23.4,14.5,11.3,9.2,9.5,19.3,35.6,36.1
23/04/2013 9:00,13.6,12.7,13.1,10.6,11.5,15,36.1,6.4,6.4,6.9,7.7,9,12.3,26.8,6,5.1,5.4,5.2,6.2,9.8,22.7,12.7,11.5,9.1,9.8,10.5,15.1,28.5,11.1,11.4,11.3,10.4,10.5,14.8,35.8,13.4,15.3,26.6,22.4,11.6,16.6,37.3,11.9,13.6,11.7,9.7,10.5,16.9,40,16.7,15.9,25,12.1,13.4,30.4,40,14.6,12.6,14.7,23.7,15.8,35,40.7,11.7,12.9,10,8.5,8.3,11.5,24.5,16.4,14.3,12.2,12.4,11.3,14.2,26.1,15.3,16,10.9,10.9,8.9,11.3,32,5.7,5.8,6.4,5.2,6.1,8.7,20.1,13.2,10.7,10.1,8.5,9.2,14.7,29.9,20.7,13.4,12.9,10.6,9,11.3,24.7,10.4,10.8,10.6,9.6,8.8,12.4,30,13.3,13.8,10.3,11.8,12.4,13.7,29,10.9,7.2,10.7,11.1,12.2,15.2,33.9,13.8,9.2,9.9,11.7,12.4,16.7,38.7,10.9,8.4,6.1,8.2,10.5,21.7,24.9,17.9,17.3,15.8,11.4,17.7,38.6,42,15.2,13.9,13.8,10.2,13.9,21.8,39.1,14.4,15,13.7,11.7,12.6,17,38.1,14.2,12.4,16,15.3,8.5,12,29.5,14.6,14.2,13,12.6,10.4,13.8,34.9,14.5,12.2,11.3,9.4,8.3,13.5,34.1,12.6,13.9,11.1,9.5,9.6,13.6,32.8,11.7,11.6,9.5,9.2,10.1,14.3,33.2,13.2,13.8,10.1,9.8,9.3,12.3,24.1,5.4,5.1,5.5,7,6.9,9.9,20.4,9.4,8.5,9.7,8.9,8.7,12.9,30.9,14.5,12.7,10.1,10.5,20,36.3,39.2
8/05/2013 9:00,13.7,13.3,13.2,10.6,12,15,36.8,8.7,9.5,9.8,10.8,10.4,14.5,31.6,11,11.1,9.7,8.8,8.5,14.4,32.7,14.1,11.6,8.7,9.6,10.7,15.4,29.3,13.8,12.7,11.7,11.2,10.7,15.3,37.2,14.1,16.1,28.5,22.8,11.7,16.8,38.2,11.9,14,11.5,9.6,10.4,16.6,40.3,18,16,24.9,12.2,13.7,29.3,40.4,15.7,12.6,15.1,24,15.8,34.6,40.6,14.3,16.5,11.8,10.2,9.8,14,28.9,19.4,14.8,12.8,12.7,11.1,14.2,26.3,16,16.4,10.6,11.2,9.4,11.7,31.5,12.3,12.5,12.7,9.9,9.9,12.4,27.9,16.2,10.9,10.4,8.7,9.1,14.7,29.5,-6.8,13,12.9,10.4,8.9,11.6,27.4,10.2,10.8,10.6,9.6,9.1,13,29.9,13.8,13.7,10.3,11.7,12.5,13.7,29.6,11.1,7.5,11.1,11,12.4,15.6,34.1,10.2,9.4,10.1,11.4,12.1,16.7,39.2,14.3,15.8,10.5,10.6,13.4,31.3,37.6,20.3,17.7,15.4,11.3,17.4,39.7,42.6,15.7,14.3,14.2,10.3,13.7,21.8,39.8,17.2,16,14,11.6,12.3,17.3,39.1,17.3,15.2,20.4,23.7,10.2,15,36.6,15.2,14.5,13.2,12.9,11,13.4,35,16.6,12,11.5,9.2,8.3,13.8,34.3,13.2,14,11.3,9.5,9.7,13.9,33,11.9,11.6,9.1,9.8,10.2,14.1,33.7,13,14,10,9.7,9.1,12.5,25,11.2,12.5,10.4,9.3,8.6,13.4,27.3,12.2,11.1,12.4,10.3,9.9,15.6,35.6,16.9,12.8,10.3,10.6,20,37,39.3
26/06/2013 9:00,10.9,12.6,13.2,10.5,11.6,14.3,35.6,8.8,8.6,8.8,10.5,10.1,14.7,31,10.7,10.7,9.5,8.7,8.8,14.2,32,14,10.8,8.5,9.7,10.4,14.6,28.6,13.7,12,10.9,10.3,10.5,14.8,36.8,13.5,15.6,27.9,22,11.4,16.1,36.7,11.4,13.4,11.6,9.5,10.3,16.3,39.8,17.5,16,24.5,12,13.7,29.1,40.2,15.6,12.2,14.5,23.4,15.1,34.1,40.8,13.3,16.3,11.6,10,9.2,13.2,28.6,20.8,13.9,12.1,12.1,10.9,14,25.5,15.3,15.6,10.4,9.9,8.9,11,30.5,11.9,12.3,12.3,9.7,9.3,12.4,27.1,16.5,10.4,9.9,8.3,9,14.4,28.7,21.8,12.4,12.8,10.1,8.7,10.4,23,10.5,10.4,10,9.3,9,12.6,29.3,13.5,13,9.7,11.7,12,13.6,29.1,9.8,6.9,10.6,10.8,11.9,15.2,32.7,11.9,8.5,9.8,10.9,12,16.2,39.2,15,15.6,9.8,10.2,13.2,30,38.2,19.7,17.2,15.1,11.2,16.8,38.8,41.9,16.8,14.3,13.4,9.8,13.2,21,39.8,15.7,15.3,13.4,11.3,11.7,16.6,37.9,16.8,14.7,20.2,23.1,10.2,14.6,36.8,14.7,13.9,12.8,12.1,10.3,13.3,34.2,16.5,11.9,11,8.6,8,13.1,32.6,12.8,13.2,10.6,9.2,8.9,13.4,31.4,11.5,11.3,9.1,9.1,9.6,13.5,32,13.3,13.8,9.7,9.3,8.7,11.7,23.8,11.5,11.9,10.4,9,8.6,13.1,26.5,11.8,10.7,11.7,9.4,9.6,14.7,35.6,16.2,12.4,9.9,10.3,19.2,36.9,39
27/08/2013 9:00,13.2,12.5,12.7,10.2,11.4,14.5,36.7,8,8.5,8.9,10.1,10,14.4,31.9,10.7,10.4,9.3,8.3,8.5,12.8,31.1,13.8,10.6,8.3,8.9,10.4,14.6,28.2,12.4,11.5,10.8,10.2,10.3,14.6,36.9,12.7,14.9,25.9,20,10.5,15.7,37.9,11.6,13.2,11.3,8.8,9.9,16.1,39.7,16.9,15.4,24.3,11.6,12.9,29.7,39.3,12.7,11.9,14.1,22.5,14.9,34.6,40.8,13.4,15.1,11.5,10,9.2,13.1,29.2,14.9,13.9,12,11.6,10.8,13.8,25.5,14.9,15.7,10.3,10.2,8.6,11.1,31.9,11.8,12,12.5,9.6,8.9,11.4,26.9,10.5,10.3,10,8.1,8.4,13.4,27.5,19,12.7,12.3,9.9,8.5,10.6,23.8,9.6,10.2,10.4,8.8,8.3,12.2,29.5,12.8,12.7,9.3,11.1,12.2,13.2,29,10.6,7.1,10.2,10.3,11.2,14.6,32.7,11.3,8.4,9.3,11,11.6,16.4,38.6,14.8,16,9.7,9.7,12.6,31.1,37.7,18.7,16.7,14.7,11,16.5,39,41.6,15.3,13.8,13.4,9.8,12.6,21.2,38.9,15.3,14.7,13.5,11.2,11.6,16.3,37.3,16.9,14.2,19.4,24.7,9.6,14.7,36.2,14.1,13.9,12.6,12.4,10,12.9,34.7,15.6,11.2,10.8,8.6,7.5,12.9,33.2,12.7,12.9,10.3,8.7,9,12.8,31.5,11.9,11.6,8.9,8.9,9.7,13.1,32.3,12.7,13.6,9.8,9,8.5,11.4,24,11.1,11.1,10.2,8.9,8.4,12.5,26.1,11.5,10.5,11.6,9.6,9.4,14.9,35.1,13.4,12.7,10,10.2,19.2,37.3,39.7
12/09/2013 9:00,8.8,12.8,13,10,11.1,14.4,36.3,8.6,8.5,8.8,9.8,10.1,14,31.3,10.4,10.6,9.5,8.5,8.3,13.1,31.2,12.7,10.5,8.4,9.2,10.3,14.6,28.6,11.7,11.1,10.5,10.3,9.8,14.7,37.1,13.5,14.5,25.7,20.1,11,15.9,37.3,11.3,12.8,11.6,8.9,9.7,16.4,39.3,16.5,15,23.9,11.4,13.3,29.9,39.4,15.1,11.6,13.9,22.4,14.9,34.3,40.8,13.3,14.8,11.4,9.7,9.4,13.3,28.7,18.8,13.6,12,11.6,10.4,13.6,25.8,14.7,15.4,10.1,10,8.4,11.1,31.4,11.7,11.9,12.5,9.5,9.2,11.3,26.8,14.4,10.2,9.7,8,8.5,14,27.9,13.1,12.2,12.8,10.3,8.4,10.5,23.8,10.1,10.4,10.3,9.1,8.3,12.5,29.6,13.5,12.5,9.2,11.1,11.9,13.1,29.3,10.4,7.1,10.5,10.5,11.8,14.8,33.3,11.3,8.4,9.7,10.7,11.6,16.3,38.7,14.8,15.9,9.8,9.7,12.3,30.7,37.8,18.3,16.6,14.8,11.1,16.6,39.4,41.8,14.4,13.8,13,9.7,12.7,20.8,39.1,15.2,14.6,13.2,11.2,11.6,16.2,37.6,15.7,13.9,18.9,23.9,9.5,15,36.5,13.7,13.6,12.5,11.8,10.1,13.1,34.8,15.3,11.1,10.8,9,7.5,12.7,33,12.4,12.8,10.5,8.8,8.9,13.2,32.3,11.6,11.5,8.8,9.1,9.6,13.5,32.5,12.5,13.6,9.7,9.2,8.3,11.5,23.8,10.8,11.3,9.9,8.9,8,12,26,11,10,11.7,9.3,9.2,15.1,34.6,15.8,12.3,9.8,10.4,19.7,37.4,39.1
1/10/2013 9:00,8.8,12.3,12.2,9.4,10.5,14,35.6,7.8,7.8,7.7,9,9.1,13.4,30.3,9.2,9.2,8.4,7.7,7.6,10.4,28.8,12.1,9.5,8.1,7.9,9.6,13.8,28.3,11.5,10.7,10.1,9.4,9.5,14.1,35.8,12.9,13.8,23.4,16,9.7,15.8,37.1,11.1,12.8,10.6,8,8.8,15.2,38.6,16.2,14.5,22.6,10.4,12.2,28.9,38.5,14.9,11.5,13.3,20.6,13.7,33.6,39.2,12.6,13.8,10.4,8.9,8.1,12.7,27.1,18.2,11.7,11.2,10.2,9.9,13.7,25.5,14,13.6,9.1,9.2,8,10.6,31,10.9,10.7,10.9,8.3,8.1,9.9,25,13.2,9.2,8.6,7.3,7.4,12,27,11.9,11,11.7,8.9,7.5,9.9,23.3,8.9,9.7,9.5,8.4,7.8,11.6,29.1,13,11,8.3,10.4,11,12.1,27.6,8.9,6.5,9.5,9.6,10.8,14.5,32.3,10.1,7.5,8.5,9.7,10,15.8,37.2,13.6,14.9,9.1,9,11.6,29.6,35.8,17.3,15.6,13.4,9.9,15.7,38.3,40.8,13.8,13,12.5,8.3,10.9,20.5,36.8,14.4,13.7,12.7,9.9,11,15.9,37.1,15.8,13.2,18.1,21.9,8.6,14.1,35.1,13.2,13,11.6,10.6,9.4,12.1,34,14.1,10.4,9.8,8.2,7.3,12.4,32.5,10.8,11.7,9,8.1,8.6,12.9,31.5,10.3,10.8,8.2,8,8.8,12.2,31,11.6,12.5,8.8,8.2,7.6,10.3,22.7,9.7,10.1,9.4,7.9,7,10.6,24.1,11,9.6,10.8,8.8,8.4,14.6,33.6,14.9,11.5,8.8,9.3,18.9,36.3,38.1
14/10/2013 9:00,9.2,12.6,12.6,10.3,11.2,14.4,36.3,8.7,8.3,8.7,9.7,10,14.2,31.8,10.4,10.4,9.5,8.5,8.7,14,32.4,14.1,11.3,8.5,9.3,10.6,14.9,29.5,12.6,11.7,10.8,10.2,10,14.8,36.9,13.6,14.8,26.4,22,11.3,16.6,37.7,11.6,13.2,11.3,8.7,9.8,16.5,39.8,16.6,15.6,24.4,12,13.4,29.3,39.7,15.7,12.2,14,22.2,14.7,34.1,40.4,13.5,15.5,11.5,9.8,8.7,13.3,29.6,19.9,13.8,12.2,11.7,10.9,13.6,26.3,15,16.4,10.1,9.9,8.7,10.7,31.5,11.7,11.9,12.4,9.5,9.2,12,27.8,14.9,10.2,9.5,8.3,8.4,14.1,29,19.9,12.4,12.7,10.5,8.9,10.6,24,10.3,10.4,10.3,9,8.5,12.3,29.5,13.7,12.7,9.2,11,11.9,13.3,29.2,10.1,7.2,10.7,10.6,11.7,15,33.9,11.4,8.4,9.2,11,11.6,16.5,39,14.9,15.8,10,10.1,12.5,29.8,38.9,18.6,16.9,14.9,11.2,16.3,38.7,41.7,14.5,14.2,13.6,9.8,12.3,21.2,39.8,15.8,14.6,13.7,11.6,11.6,16.4,38.1,16.6,14.4,18.8,25.6,9.7,14.6,36.7,14.3,13.9,12.6,11.9,9.8,13.2,34.6,15.7,11.3,10.7,9,7.9,13.1,33.8,12.4,12.6,11.1,9,9.1,13.6,32.6,11.1,11.4,9,8.9,10.2,13.9,33.1,11.9,13.3,9.4,9.3,8.6,11.6,24.2,11.1,11.4,10.6,8.8,8.5,13,28,11.7,10.2,11.5,9.4,9.3,14.7,35.7,16.3,12.4,9.5,9.7,18.7,36.5,39.5
30/10/2013 9:00,9.2,12.2,12.5,10.3,10.6,13.7,32,7.7,7.8,7.9,9,9.6,12.7,26.4,9.3,9,7.6,6.9,6.9,8.7,23,13,10.3,8.3,8.6,9.9,13.1,24,12.1,11.2,10.6,10,9.4,12.3,30.5,12.9,14.3,25.1,19.1,9.7,14.2,33.6,10.6,12.5,10.9,8.4,9,14.2,35.9,16.2,15.1,23.7,11.1,12.8,28.3,35.2,14.4,11.1,13.4,20.8,14,32.8,36.8,12.7,13.7,10.5,9.3,8.3,11.8,23,18.1,12,11.5,10.7,9.7,12,21.7,14.3,15.2,9.9,9.9,8.4,9.9,26.8,11,10.4,10.9,8.2,7.1,8.8,20.4,13.6,9.8,9.2,7.6,7.9,11.9,22.6,14.5,11.1,11.4,9.7,7.6,8.9,20.7,10.1,9.8,10.5,8.7,8.2,11.2,25.1,13.3,12.6,9.2,10.8,11.7,11.7,24.5,9.4,6.5,10.2,9.9,10.3,12.9,27.2,10.2,7.6,8.5,9.9,10.6,14.6,34.5,13.6,14.7,8.9,8.7,10.6,26.6,31.2,17.2,15.7,14.5,11,15.7,39,38.2,13.7,13.1,12.6,9.3,11.6,18.7,34.5,14.7,14.4,13.1,10.5,11.2,15.1,32.7,15.8,13.6,17.5,25.2,9,12.8,31.2,13.5,13.6,12.1,11.9,9.6,11.6,30.2,13.8,10.1,9.7,8.3,7.1,10.9,28.5,10.9,11.4,10,8.5,8.6,10.6,26.1,10.7,10.9,8.6,8.3,8.9,11,27.5,12.2,13.5,9.6,9.2,7.8,10,19.6,9.8,10,9.6,7.3,6.5,9,18.9,10.5,9.6,10.6,8.8,8.3,13.1,30.6,14.4,12.4,9.5,9.6,17.5,36.2,36.5
12/11/2013 9:00,9,12.3,12,10,10.5,12.3,29.6,7.7,7.2,7.8,8.9,9.2,11,21,9.2,7.8,7.3,6.5,6.3,7.9,20.4,12.6,9.2,8,7.8,8.8,11.5,21.2,11.5,10.8,9.9,9.8,8.8,10.1,21.8,13.2,14.2,24.9,21,10.2,15,33.9,10.8,13.1,11.9,9.4,10.3,15.1,38.5,16.3,15,23.4,11.6,13.2,28.2,38.9,14.5,11.4,13.3,20.7,14.1,32.8,39.2,12.2,12.9,10.3,9.2,8.1,10,17.4,17.8,11.4,11,9.8,9.1,10.7,19.5,14,13.4,9.4,9.2,7.6,8.5,19.3,10.4,10.1,10.5,7.8,6.7,7.7,18.1,14.1,10.4,9.9,8.5,8.2,12.5,25.4,14.1,13.2,13.6,11.9,9,10.9,23,10.2,10.3,10.3,8.8,8.3,11.2,25.1,12.8,11.6,8.9,10.6,11.6,12.2,24.5,8.9,6.1,9.5,9.3,9.8,11.8,25.5,10.8,8.4,9.3,11.4,12,15.9,37.6,13.7,14.2,9.1,8.1,9.8,25,28,17.6,15.9,14.3,10.8,15.8,38.7,40.9,13.4,12.8,12.4,9.8,12.2,19.5,36.6,14.7,13.9,12.9,9.8,10.4,13.2,26.5,15.3,13.1,17.6,23.5,8.2,11.2,24.6,13.1,13.3,11.9,11.7,10.2,12.2,31.9,15.4,11.8,11.1,9.4,7.7,12.8,32.5,11,11.5,9.5,8,8,9.8,23.9,11,11.4,9,8.8,9.3,11.9,29.3,11.8,13.2,9.4,8.8,8,9.8,19.9,9.6,9.6,9.1,6.9,6.1,8,16.4,10.4,9.5,10.6,8.6,7.9,10.8,25.1,15.1,11.3,9.1,9.1,16.8,34,32.3
26/11/2013 9:00,8.9,12.2,11.8,9.7,9.7,12.5,32.6,7.8,6.9,7.8,8.3,7.7,8.9,17.5,6.5,5.6,5.5,5.4,5.3,6.8,15.4,11.2,9.1,7.6,7.4,8.8,11.4,21.9,11,10.5,9.5,9.4,8.4,10.3,25.8,12.9,13.6,24.2,18.6,10.7,15.3,35.8,10.9,12.7,11.4,9.4,10.4,15.8,39.1,16.1,14.6,24.2,13.3,13.7,28.2,39.8,14.3,11.1,13.3,21.2,15.3,33.2,40,12.5,13.1,10,9.1,7.6,8.7,15.9,16.8,10.2,10.7,9,8.6,10.2,17.3,13.7,12.6,8.8,8.9,7.8,8.2,21.7,7.3,6.8,6.9,6.2,5.9,6.8,13.1,13.1,9.5,9.6,9.5,8,7.7,12.7,13.5,13,13,12,12,9.3,11.1,10,10,10.4,8.9,7.8,11,27,12.5,11.8,8.8,10.6,11.8,13,28.2,7.9,5.7,9,8.9,9.4,11.2,-6.8,10.8,8.2,9.4,10.7,12,16.5,38.9,12,11.6,6.9,6.4,8,19.7,20.8,17,16.1,15.8,12.3,16.3,38.7,42.2,13.2,12.4,11.8,9.1,11.8,18.9,38,14.1,13.4,12.2,9.8,10.5,10.1,13.3,15.3,13,16.6,22.9,7.5,8.8,18.7,12.8,13.2,12.6,12.9,10.7,12.5,28.5,14.7,11.2,10.9,9.4,8,12.8,32.1,10.2,10.7,9.1,7.5,8.1,9.6,23.1,9.5,10.2,8.4,8.7,9.1,11.8,28.9,11.9,13.4,9.3,9.1,8,10.5,22,5.8,5.5,6,5.4,4.8,6.5,12.5,10.1,9,10.2,8.3,6.8,9.5,21.4,14.3,11,8.7,8.8,16.1,34.4,34.4
10/12/2013 9:00,8.8,12.4,12.3,10.1,10.3,12.8,31,7.4,6.8,7.6,7.7,7.2,8.6,16.8,6,5,5.2,5.4,5.5,6.1,12.6,9,7.6,6.5,7,9,12.3,23.8,11.1,10.3,9.8,9.1,8.9,11.8,30.5,12.5,13.1,22.1,17.3,9.4,12.9,32.4,10.1,11.9,10.7,8.2,8.8,13,36.5,16,14.8,23.6,11.6,12.6,26.3,38.3,14.4,11.3,13.1,20.3,14.3,31.3,39,12.3,13.2,9.9,8.5,7.2,8.1,15,14.5,7.2,7,8.1,8.3,10.6,19.3,13.1,11.8,8.4,9.3,8.2,8.5,23,5.7,5.8,6.1,5.6,5.4,6.1,10.9,10.8,9,8.7,7.4,7.2,10.8,22.2,11.2,10.2,10.8,9.3,7.8,10.1,26.2,9.6,9.9,10.7,8.9,8.2,10.3,24,12.8,12.2,8.9,10.7,11.5,12,25.3,6.6,4.3,6.4,7.4,8.3,10.7,24.8,9.6,6.9,8.2,9.5,10,13.8,35.9,8.2,7.3,7.6,6.5,7.3,15.7,17.4,16.7,15.3,14.4,11,14.9,38.3,40,12.9,11.4,10.9,8.8,11.2,17.5,34.9,13.8,13.2,12.5,9.4,10.7,14.3,32.5,15.1,12.8,15.8,22.2,7.3,8.1,16.9,13.3,13.1,12,11.7,10,11.2,27.2,13.3,9.5,9.2,8.1,6.9,10.5,29.2,8.7,8.4,7.5,6.1,7.6,9.7,24.4,7.8,7.9,7.6,8.3,8.8,11.1,26.9,12.3,13.5,9.6,9,8.1,9.7,19.1,5.5,5.2,5.4,5.4,4.8,6.1,10.4,9.8,8.5,10,7.9,7,8.5,18.7,14.5,11.1,8.5,8.5,15.7,35.1,36.3
24/12/2013 9:00,9,12.4,11.9,9.8,9.9,11.4,28.5,7.6,7.1,7.5,7.2,7.1,8.1,16.1,5.9,5.3,5.3,5.2,5.3,5.9,12.6,8.4,7.2,6.4,6,7.5,10,20.4,10.8,10.1,9.2,9.1,8.3,9.3,20.9,12.3,13.3,20,14.8,7.6,11.3,32.7,10.7,12.5,11.3,8.6,10,14.3,38.1,16.2,14.6,23.1,11.6,12.8,26.4,38.3,14.8,11.4,13.2,20,13.5,31.3,38.9,12.7,12.5,10.1,8.8,6.6,7.6,13.6,13.4,6.1,6.5,6.7,7.3,9.1,15.8,12.6,10.9,8.1,8.5,7.5,7.1,17.7,5.8,5.7,6.2,5.9,5.3,6.2,10.7,9.3,7.7,7.5,6.4,6.4,10.1,23.2,11.7,11.6,13.1,11.6,9,10.8,25.4,9.2,9.7,10.3,8.3,7.9,8.7,21.2,12.1,11.4,8.1,9.8,11,10.9,22.6,6.3,4.5,5.6,6.7,7.4,9.6,20.2,9.4,7,8.4,10.2,11,14.9,37.3,7.6,7,6,6.1,7.2,14.8,15.4,16.3,15,14.6,10.7,14.6,38.3,39.7,13,11.6,9.9,7.8,9.1,16,33.6,13.6,12.9,11.9,9.5,9.8,11.9,24.5,15,12.7,20.6,7,7.8,15.2,14.9,12.7,12.8,11.9,11.5,9.9,11.1,27.3,13,9.3,9.4,9.1,7.9,12.7,31.5,8.4,7.2,6.7,6,6.2,7.6,19.3,7.5,7.2,6.7,7.3,7.7,9.3,26.1,11.2,12.6,8.8,8.4,7.4,8.1,15.6,5.5,5.2,5.5,5.3,4.8,5.7,9.5,9.5,8.6,9.6,7.4,5.8,8.2,16.7,13.9,10.9,8.5,8.4,14.9,33.6,30.3
7/01/2014 9:00,9,11.9,12.3,10.2,10.3,12.7,30.5,7.3,6.5,7.4,6.7,6.9,9.6,22.7,6,5.3,5.2,5.1,5,6.4,16.4,7.5,7,6,5.8,8.6,11.5,21.4,10.6,10.1,9.2,8.6,8,9.9,23.3,12.8,13.6,22.8,20.2,9.6,13.3,31.5,10.8,12.3,11.2,8.1,9,13.6,37.4,16.4,14.7,23.7,12.3,12.8,25.9,38.4,14.8,11.5,13.3,20.1,14.4,31.5,38.4,12.3,13.6,10.3,9,8.1,10.5,19.5,12.2,5.6,6.2,6.7,7,9.7,17.9,12.3,10.2,8.1,8.3,7.6,7.2,18.3,5.6,5.9,6.1,5.7,5.5,6.2,14.7,12,9.4,9.5,7.8,7.4,11.2,22.3,17.9,12.1,12.7,10.8,9.2,10.8,25.2,10,10.1,10.2,9,7.9,10.4,23.9,12.6,12,8.8,10.9,11.6,11.6,23.1,7.1,4.2,5.6,6.6,7.8,10.2,23.5,10.5,7.5,8.2,9.9,10.5,13.9,35.7,7.6,7.2,6.3,6.5,8,17.8,20,17.3,15.9,14.6,11.5,15.1,38,40.2,13.9,11.8,12.3,8.9,10.9,17.8,33.9,13.2,12.6,11.5,9.5,9.7,12.7,28.3,14.8,12.4,15.3,20.5,7.3,9.1,22.6,13,13.3,12.4,12.1,10.4,11.9,27,14.7,10.5,10,8.5,6.9,11.6,29.3,7.8,6.7,6.2,6.1,6.3,8.7,21.5,8.3,10.2,8.5,8,8.8,11,26.7,11.9,13.2,9.4,8.8,7.9,9.6,18.1,5.4,5.1,5.5,5.6,5.3,7.1,14.5,9.2,8.1,9.8,8.2,7.1,9.4,23.3,13.5,10,8.2,7.9,14.2,32.9,31.8
21/01/2014 9:00,8.5,12.2,11.8,9.7,9.7,10.8,25.6,7,6.4,7.3,6.4,6.7,8.2,15.6,5.7,5,4.7,4.8,5,5.6,11.3,6.9,6.4,5.2,5,6.8,10.2,20,10.5,9.8,9.5,9.2,8.8,10.9,26,11.2,12.4,18.8,14.2,8.7,12.5,30.8,9.4,10.9,10,7.6,8.2,13.2,37,15.6,14.5,23.3,12.5,13.3,25.9,39.2,14.3,11.5,13.1,20,14.4,30.8,38.1,12.1,12.7,9.9,8.6,7.3,7.5,12.7,7.7,4.1,6.8,8.6,8.6,10.3,18.2,11.8,9.9,7.9,9,8.2,8,21.4,5.6,5.2,6.3,5.7,5.3,5.7,9.7,7.7,6.8,7.7,6.6,6.8,10.2,20.3,11.1,10.1,11,10.3,8.8,10.6,21.3,9.7,10,10,8.8,8,9.6,21.5,12.4,12,8.9,10.7,11.5,11.5,23.2,6.7,4,5.2,6.3,8.2,10.4,22.1,9.1,5.6,6.9,9,9.3,12.9,35.5,6.9,6.8,6.1,5.7,6.7,12.5,13,16.1,14.6,14.5,11.9,14.8,38.4,40.7,12.8,10.7,9,6.9,8.2,14.4,29.7,13.2,12.5,11.7,10,11,14,30.9,14.8,11.9,14.7,19.8,7,7.9,15.8,12.9,12.9,12.3,12.1,10.4,11.9,26.6,11.9,8.2,8.2,7.3,6.4,11.3,29.5,7.4,6.2,6.1,5.8,7,9.1,22,7.4,6.8,6.3,6.8,7.4,9.4,22.8,11.9,13.3,9.4,8.9,8,9,16.4,5.3,4.9,5.3,5.2,4.6,5.7,8.6,8,6.5,8,7.3,5.9,8,16.4,13.2,10.6,8.1,8.2,14.1,33,32.5
4/02/2014 9:00,8.7,12,11.6,10.3,10,11.8,30.3,6.8,6.6,6.9,6.2,6.5,8,14.4,5.5,5.2,4.9,5,4.9,5.5,11.1,7.1,6.4,5.6,5.1,6.2,8.5,15.8,10.5,9.9,8.8,8.9,8.1,9.2,20.9,12.3,12.4,20.5,18.9,10.2,13.3,33.4,10.1,11.6,11,8.8,10,13.8,38,15.9,14.9,23.2,12.5,13.1,25.8,39.7,14.4,10.8,13.2,19.8,14.5,31.6,39.1,12.2,12.5,9.9,8.5,6.7,7.1,12.2,7.7,3.9,6,6.9,7,8.7,15.1,12.1,9.9,8,6.5,8.5,7.2,16.8,5.7,5.8,6.2,5.8,5.4,5.6,9.6,9.9,9.4,9.5,7.9,7.8,11.6,23.9,15.5,12.2,12.8,11.8,9,11.1,25.2,10.1,10,10.5,8.8,8.3,10.2,24,12.8,12.9,9.3,11,11.7,12,24.3,6.5,4.2,4.9,5.9,6.7,9.3,18.9,6.3,7.9,9.8,10.3,13.3,13.7,35.4,6.5,6.6,6.2,5.5,6.5,12.9,13.3,16,14.6,14.3,11.6,14.4,38.3,40.3,12.7,11.2,8.9,7.9,10.6,16.6,34,13.1,12.1,11.5,9.4,9.7,12.8,27,14.4,11.9,14.7,19,7,7.6,14.1,12.8,12.6,12.1,11.8,10.5,11.5,26.8,12.4,9.1,9.3,9.2,7.7,12,30.4,7,6.4,6.3,5.3,5.6,7.3,17.6,7.2,6.9,6.4,6.5,8.1,10.4,26.8,12.6,13.9,9.3,8.8,7.9,9.3,18.4,5.3,4.7,5,4.9,4.5,5.4,9.4,7.9,6.4,7.7,6.6,5.7,7.5,15.5,12.7,10.2,8,7.6,13.4,32.3,28
18/02/2014 9:00,8.7,12.4,12,9.8,9.5,11,27.9,6.6,6.2,6.9,6.4,6.4,7.5,14.4,5.7,5.1,5.3,5.1,5.1,5.6,11.5,7.4,6.6,5.3,4.7,6.6,9,18.2,10.8,10,9.2,9.2,8.3,10.3,26.5,11.5,12.2,18.9,14.5,8.4,11.6,31.6,10,11.5,10.9,8.3,9.5,13.5,37.5,16.2,14.6,23.4,12.7,12.9,24.7,39,14.5,11,12.9,19.2,14.6,30.8,39.4,12.1,12.9,10,8.6,6.2,7.5,12.8,7.2,4,6.4,7.7,7.8,9.5,17.2,11.8,9.8,7.8,9,7.8,7.8,20.8,5.3,5.7,6.1,5.1,5.1,5.8,9.9,9,7.9,7.7,6.6,7.1,10.9,22.5,12.6,11.7,11.7,11.1,9.3,11.1,24.3,9.3,9.4,10.2,8.4,7.9,9.4,22.9,12.3,11.4,8.3,10.3,11.1,11.5,24,6.7,4.3,5.1,6,7,9.4,21,8.8,6.1,7.6,9.4,9.6,12.6,36,6.6,6.6,6,6,7.1,12.9,14,16.2,14.5,14.4,11.2,14.2,38.3,40.9,11.2,10.2,8.2,6.7,8.3,14,31.2,13.3,12,11.7,9.8,10.4,13.5,30.7,14.4,12.2,14,19,6.9,7.3,14.9,13,12.7,12.3,11.6,10.3,11.2,26,12.2,9.2,9.3,8.4,7.5,11.4,29,7.2,6.2,6.2,5.8,6.2,7.6,19.1,7.2,6.7,6.5,6.3,6.5,8,21.9,11.8,12.6,9,8.4,7.8,9,17.3,5.2,5,5.3,5.3,4.7,5.8,9.6,6.7,6.3,6.7,6.6,5.6,7.3,15.6,13.1,10,7.9,7.9,13.4,33.8,32.8
26/03/2014 9:00,10.06,9.7,8.74,6.82,8.02,11.5,30.1,4.66,4.18,4.9,6.1,6.94,11.38,26.38,6.58,5.86,5.86,4.18,4.42,9.46,26.38,9.1,6.34,5.26,5.14,6.94,12.22,24.22,8.62,8.02,6.7,6.94,6.94,12.22,31.66,10.18,10.9,20.26,15.7,8.26,13.3,32.98,7.78,9.1,8.14,5.5,7.3,13.78,36.46,13.18,12.34,20.62,8.62,10.3,27.34,36.7,11.5,8.26,10.42,17.02,11.38,31.78,37.06,9.94,10.42,7.54,6.58,6.1,10.66,23.14,14.5,8.62,8.38,7.18,7.3,11.02,21.7,11.26,11.02,5.98,6.1,5.02,7.66,24.94,7.9,7.54,8.26,5.62,5.02,9.1,21.94,9.58,6.46,5.98,5.02,5.86,11.86,25.18,8.74,8.5,8.74,6.94,5.98,8.26,19.42,6.1,6.7,7.42,5.86,5.14,8.98,24.46,8.98,8.38,5.5,7.66,10.06,10.42,24.1,5.5,3.58,6.58,6.7,7.9,12.58,28.78,8.14,4.42,5.74,7.3,7.9,14.14,35.62,8.62,8.98,5.62,5.38,7.66,27.1,34.54,14.5,12.7,11.5,7.66,11.26,36.58,38.98,10.9,9.94,9.46,6.1,8.14,18.46,36.82,11.62,11.26,10.3,7.06,8.14,13.66,34.3,12.82,10.06,13.54,22.3,6.34,12.1,33.7,10.42,10.18,9.58,7.9,6.7,9.34,24.1,11.38,7.78,7.66,6.22,5.26,10.9,28.18,8.14,8.74,6.82,5.14,5.62,10.54,27.22,7.9,7.66,5.38,5.38,6.82,11.26,27.58,8.74,10.3,6.22,5.26,4.9,8.62,19.78,7.42,6.94,6.7,4.78,4.06,9.1,22.42,7.42,6.34,7.66,5.98,5.86,12.58,31.18,11.98,8.26,6.34,6.34,13.66,33.94,35.98
15/04/2014 9:00,9.22,10.06,9.94,7.9,8.26,11.62,30.82,5.86,5.5,6.34,6.94,7.42,11.38,27.22,8.14,8.02,7.18,5.86,5.74,10.54,27.94,11.5,8.38,6.46,6.34,7.18,12.22,24.34,9.82,9.1,8.5,7.9,7.18,12.22,32.14,10.66,11.38,23.02,22.06,9.22,13.78,33.7,9.1,10.18,9.58,6.34,6.94,13.78,36.82,13.9,12.94,21.7,9.94,10.06,27.7,37.42,13.18,9.58,11.26,18.7,12.46,31.9,37.42,11.14,13.18,9.46,7.54,6.1,10.9,25.06,16.66,11.38,9.34,8.5,7.9,11.38,22.3,12.82,15.34,7.66,8.02,6.22,8.5,25.78,9.22,9.82,10.18,7.54,6.82,9.34,22.66,12.34,8.02,7.3,5.62,5.98,11.74,25.54,11.5,10.54,10.3,8.5,6.22,7.9,19.3,7.9,8.02,8.26,6.46,5.86,10.06,25.42,10.18,10.3,6.82,8.5,9.46,10.66,24.58,8.74,4.54,7.78,7.66,8.74,12.34,28.78,7.9,5.98,6.34,7.9,8.74,13.54,35.38,12.34,13.06,7.42,7.18,9.34,27.82,35.74,16.54,14.14,12.94,8.62,12.58,36.7,39.58,12.34,11.5,11.38,7.3,9.34,19.18,36.82,13.9,12.58,11.74,8.74,9.1,14.14,34.42,14.26,10.9,14.5,26.14,7.42,12.46,33.82,11.62,11.26,10.54,10.06,7.78,9.58,24.94,13.54,8.98,8.98,6.58,4.9,10.54,28.66,10.3,10.42,8.5,6.7,6.22,10.66,27.22,8.98,8.98,6.7,6.58,6.94,11.02,28.54,11.02,11.98,7.3,6.58,5.98,8.98,20.5,8.62,9.46,8.26,6.1,5.62,10.42,23.02,9.1,7.9,9.58,7.42,6.94,12.82,32.14,13.9,10.18,7.06,7.3,14.02,34.3,36.46
